Workbook

Sheet Instructions
A1: GA4 ANALYTICS REPORT — DATA PULL INSTRUCTIONS
A2: PE Portfolio HVAC Brands — 2024 vs 2025 & Jan '25 vs Jan '26 Comparison
A4: OVERVIEW
B5: This workbook contains one tab per brand plus a Summary tab that auto-calculates YoY changes.
B6: You will pull data from GA4 for 4 date ranges and paste it into each brand's tab.
B7: The Summary tab will auto-populate once all brand tabs are filled in.
B9: PURPOSE: Assess the efficacy of broadcast TV, targeted display, and OTT advertising
B10: across the portfolio by comparing website traffic, engagement, conversions, and traffic sources.
A12: DATE RANGES TO PULL
B13: Period | C13: Exact Date Range in GA4
B14: Period A: Full Year 2024 | C14: Jan 1, 2024 – Dec 31, 2024
B15: Period B: Full Year 2025 | C15: Jan 1, 2025 – Dec 31, 2025
B16: Period C: January 2025 | C16: Jan 1, 2025 – Jan 31, 2025
B17: Period D: January 2026 | C17: Jan 1, 2026 – Jan 31, 2026
A19: STEP-BY-STEP: PULLING DATA FROM GA4
B20: STEP 1: Open GA4 & Select the Brand Property
B21: Go to analytics.google.com
B22: Click the property selector (top-left dropdown) and choose the brand's GA4 property
B23: Verify you see the correct Account ID matching the brand tab in this workbook
B25: STEP 2: Pull Overview Metrics (Traffic, Engagement, Conversions)
B26: Navigate to: Reports → Life cycle → Acquisition → Overview
B27: Set the date range to Period A (Jan 1, 2024 – Dec 31, 2024)
B28: Note down: Users, New Users, Sessions from the overview cards
B30: Then navigate to: Reports → Life cycle → Engagement → Overview
B31: Note down: Engagement Rate, Avg. Session Duration, Events, Pageviews, Pages/Session
B33: Then navigate to: Reports → Life cycle → Engagement → Conversions (Key Events)
B34: Note down: Total conversions, User Conversion Rate, Session Conversion Rate
... B84: You can export this as CSV and paste values directly into the brand tabs
A86: BRAND LIST & GA4 ACCOUNT IDs
B87: Brand Name | C87: GA4 Account ID
B88: Anthony | C88: 266746707
B89: Anytime Plumbing, Heating & Cooling | C89: 48850300
B90: Apollo Home | C90: 11121287
B91: Arctic Air Conditioning | C91: 12778303
B92: Aztec Plumbing | C92: —
B93: Bell Brothers | C93: 262504860
B94: Black Hills Inc | C94: 26334622
B95: Campbell and Company | C95: 79041634
B96: Cassell Brothers | C96: 104694076
B97: Charles Stone Mechanical | C97: 282662324
B98: Dauenhauer Plumbing | C98: 39227647
... B107: Webb HVAC | C107: 221618161

Sheet Summary
A1: PORTFOLIO SUMMARY — ALL BRANDS COMPARISON
A2: Auto-populated from individual brand tabs | Yellow cells = enter data on brand tabs
A4: Total Users — ALL BRANDS
B5: Brand | C5: FY 2024 | D5: FY 2025 | E5: YoY Δ% | F5: Jan 2025 | G5: Jan 2026 | H5: Jan YoY Δ%
B6: Anthony | C6: =Anthony!C7 -> 0 | D6: =Anthony!D7 -> 0 | E6: =Anthony!E7 -> N/A | F6: =Anthony!F7 -> 0 | G6: =Anthony!G7 -> 0 | H6: =Anthony!H7 -> N/A
B7: Anytime Plumbing, Heating & Cooling | C7: ='Anytime PHC'!C7 -> 0 | D7: ='Anytime PHC'!D7 -> 0 | E7: ='Anytime PHC'!E7 -> N/A | F7: ='Anytime PHC'!F7 -> 0 | G7: ='Anytime PHC'!G7 -> 0 | H7: ='Anytime PHC'!H7 -> N/A
B8: Apollo Home | C8: ='Apollo Home'!C7 -> 0 | D8: ='Apollo Home'!D7 -> 0 | E8: ='Apollo Home'!E7 -> N/A | F8: ='Apollo Home'!F7 -> 0 | G8: ='Apollo Home'!G7 -> 0 | H8: ='Apollo Home'!H7 -> N/A
B9: Arctic Air Conditioning | C9: ='Arctic Air'!C7 -> 0 | D9: ='Arctic Air'!D7 -> 0 | E9: ='Arctic Air'!E7 -> N/A | F9: ='Arctic Air'!F7 -> 0 | G9: ='Arctic Air'!G7 -> 0 | H9: ='Arctic Air'!H7 -> N/A
B10: Aztec Plumbing | C10: ='Aztec Plumbing'!C7 -> 0 | D10: ='Aztec Plumbing'!D7 -> 0 | E10: ='Aztec Plumbing'!E7 -> N/A | F10: ='Aztec Plumbing'!F7 -> 0 | G10: ='Aztec Plumbing'!G7 -> 0 | H10: ='Aztec Plumbing'!H7 -> N/A
B11: Bell Brothers | C11: ='Bell Brothers'!C7 -> 0 | D11: ='Bell Brothers'!D7 -> 0 | E11: ='Bell Brothers'!E7 -> N/A | F11: ='Bell Brothers'!F7 -> 0 | G11: ='Bell Brothers'!G7 -> 0 | H11: ='Bell Brothers'!H7 -> N/A
B12: Black Hills Inc | C12: ='Black Hills'!C7 -> 0 | D12: ='Black Hills'!D7 -> 0 | E12: ='Black Hills'!E7 -> N/A | F12: ='Black Hills'!F7 -> 0 | G12: ='Black Hills'!G7 -> 0 | H12: ='Black Hills'!H7 -> N/A
B13: Campbell and Company | C13: ='Campbell & Co'!C7 -> 0 | D13: ='Campbell & Co'!D7 -> 0 | E13: ='Campbell & Co'!E7 -> N/A | F13: ='Campbell & Co'!F7 -> 0 | G13: ='Campbell & Co'!G7 -> 0 | H13: ='Campbell & Co'!H7 -> N/A
B14: Cassell Brothers | C14: ='Cassell Bros'!C7 -> 0 | D14: ='Cassell Bros'!D7 -> 0 | E14: ='Cassell Bros'!E7 -> N/A | F14: ='Cassell Bros'!F7 -> 0 | G14: ='Cassell Bros'!G7 -> 0 | H14: ='Cassell Bros'!H7 -> N/A
B15: Charles Stone Mechanical | C15: ='Charles Stone'!C7 -> 0 | D15: ='Charles Stone'!D7 -> 0 | E15: ='Charles Stone'!E7 -> N/A | F15: ='Charles Stone'!F7 -> 0 | G15: ='Charles Stone'!G7 -> 0 | H15: ='Charles Stone'!H7 -> N/A
B16: Dauenhauer Plumbing | C16: =Dauenhauer!C7 -> 0 | D16: =Dauenhauer!D7 -> 0 | E16: =Dauenhauer!E7 -> N/A | F16: =Dauenhauer!F7 -> 0 | G16: =Dauenhauer!G7 -> 0 | H16: =Dauenhauer!H7 -> N/A
B17: Fayette Heating & Air | C17: ='Fayette HA'!C7 -> 0 | D17: ='Fayette HA'!D7 -> 0 | E17: ='Fayette HA'!E7 -> N/A | F17: ='Fayette HA'!F7 -> 0 | G17: ='Fayette HA'!G7 -> 0 | H17: ='Fayette HA'!H7 -> N/A
B18: GAC Services | C18: ='GAC Services'!C7 -> 0 | D18: ='GAC Services'!D7 -> 0 | E18: ='GAC Services'!E7 -> N/A | F18: ='GAC Services'!F7 -> 0 | G18: ='GAC Services'!G7 -> 0 | H18: ='GAC Services'!H7 -> N/A
B19: Hunter Super Techs | C19: ='Hunter Super Techs'!C7 -> 0 | D19: ='Hunter Super Techs'!D7 -> 0 | E19: ='Hunter Super Techs'!E7 -> N/A | F19: ='Hunter Super Techs'!F7 -> 0 | G19: ='Hunter Super Techs'!G7 -> 0 | H19: ='Hunter Super Techs'!H7 -> N/A
B20: LimRic | C20: =LimRic!C7 -> 0 | D20: =LimRic!D7 -> 0 | E20: =LimRic!E7 -> N/A | F20: =LimRic!F7 -> 0 | G20: =LimRic!G7 -> 0 | H20: =LimRic!H7 -> N/A
B21: Reliable Power Systems | C21: ='Reliable Power'!C7 -> 0 | D21: ='Reliable Power'!D7 -> 0 | E21: ='Reliable Power'!E7 -> N/A | F21: ='Reliable Power'!F7 -> 0 | G21: ='Reliable Power'!G7 -> 0 | H21: ='Reliable Power'!H7 -> N/A
B22: Roth Home | C22: ='Roth Home'!C7 -> 0 | D22: ='Roth Home'!D7 -> 0 | E22: ='Roth Home'!E7 -> N/A | F22: ='Roth Home'!F7 -> 0 | G22: ='Roth Home'!G7 -> 0 | H22: ='Roth Home'!H7 -> N/A
B23: Schaal Plumbing, Heating & Cooling | C23: ='Schaal PHC'!C7 -> 0 | D23: ='Schaal PHC'!D7 -> 0 | E23: ='Schaal PHC'!E7 -> N/A | F23: ='Schaal PHC'!F7 -> 0 | G23: ='Schaal PHC'!G7 -> 0 | H23: ='Schaal PHC'!H7 -> N/A
B24: Sunny Service | C24: ='Sunny Service'!C7 -> 0 | D24: ='Sunny Service'!D7 -> 0 | E24: ='Sunny Service'!E7 -> N/A | F24: ='Sunny Service'!F7 -> 0 | G24: ='Sunny Service'!G7 -> 0 | H24: ='Sunny Service'!H7 -> N/A
B25: Webb HVAC | C25: ='Webb HVAC'!C7 -> 0 | D25: ='Webb HVAC'!D7 -> 0 | E25: ='Webb HVAC'!E7 -> N/A | F25: ='Webb HVAC'!F7 -> 0 | G25: ='Webb HVAC'!G7 -> 0 | H25: ='Webb HVAC'!H7 -> N/A
A27: New Users — ALL BRANDS
B28: Brand | C28: FY 2024 | D28: FY 2025 | E28: YoY Δ% | F28: Jan 2025 | G28: Jan 2026 | H28: Jan YoY Δ%
B29: Anthony | C29: =Anthony!C8 -> 0 | D29: =Anthony!D8 -> 0 | E29: =Anthony!E8 -> N/A | F29: =Anthony!F8 -> 0 | G29: =Anthony!G8 -> 0 | H29: =Anthony!H8 -> N/A
B30: Anytime Plumbing, Heating & Cooling | C30: ='Anytime PHC'!C8 -> 0 | D30: ='Anytime PHC'!D8 -> 0 | E30: ='Anytime PHC'!E8 -> N/A | F30: ='Anytime PHC'!F8 -> 0 | G30: ='Anytime PHC'!G8 -> 0 | H30: ='Anytime PHC'!H8 -> N/A
B31: Apollo Home | C31: ='Apollo Home'!C8 -> 0 | D31: ='Apollo Home'!D8 -> 0 | E31: ='Apollo Home'!E8 -> N/A | F31: ='Apollo Home'!F8 -> 0 | G31: ='Apollo Home'!G8 -> 0 | H31: ='Apollo Home'!H8 -> N/A
B32: Arctic Air Conditioning | C32: ='Arctic Air'!C8 -> 0 | D32: ='Arctic Air'!D8 -> 0 | E32: ='Arctic Air'!E8 -> N/A | F32: ='Arctic Air'!F8 -> 0 | G32: ='Arctic Air'!G8 -> 0 | H32: ='Arctic Air'!H8 -> N/A
B33: Aztec Plumbing | C33: ='Aztec Plumbing'!C8 -> 0 | D33: ='Aztec Plumbing'!D8 -> 0 | E33: ='Aztec Plumbing'!E8 -> N/A | F33: ='Aztec Plumbing'!F8 -> 0 | G33: ='Aztec Plumbing'!G8 -> 0 | H33: ='Aztec Plumbing'!H8 -> N/A
B34: Bell Brothers | C34: ='Bell Brothers'!C8 -> 0 | D34: ='Bell Brothers'!D8 -> 0 | E34: ='Bell Brothers'!E8 -> N/A | F34: ='Bell Brothers'!F8 -> 0 | G34: ='Bell Brothers'!G8 -> 0 | H34: ='Bell Brothers'!H8 -> N/A
B35: Black Hills Inc | C35: ='Black Hills'!C8 -> 0 | D35: ='Black Hills'!D8 -> 0 | E35: ='Black Hills'!E8 -> N/A | F35: ='Black Hills'!F8 -> 0 | G35: ='Black Hills'!G8 -> 0 | H35: ='Black Hills'!H8 -> N/A
B36: Campbell and Company | C36: ='Campbell & Co'!C8 -> 0 | D36: ='Campbell & Co'!D8 -> 0 | E36: ='Campbell & Co'!E8 -> N/A | F36: ='Campbell & Co'!F8 -> 0 | G36: ='Campbell & Co'!G8 -> 0 | H36: ='Campbell & Co'!H8 -> N/A
B37: Cassell Brothers | C37: ='Cassell Bros'!C8 -> 0 | D37: ='Cassell Bros'!D8 -> 0 | E37: ='Cassell Bros'!E8 -> N/A | F37: ='Cassell Bros'!F8 -> 0 | G37: ='Cassell Bros'!G8 -> 0 | H37: ='Cassell Bros'!H8 -> N/A
B38: Charles Stone Mechanical | C38: ='Charles Stone'!C8 -> 0 | D38: ='Charles Stone'!D8 -> 0 | E38: ='Charles Stone'!E8 -> N/A | F38: ='Charles Stone'!F8 -> 0 | G38: ='Charles Stone'!G8 -> 0 | H38: ='Charles Stone'!H8 -> N/A
B39: Dauenhauer Plumbing | C39: =Dauenhauer!C8 -> 0 | D39: =Dauenhauer!D8 -> 0 | E39: =Dauenhauer!E8 -> N/A | F39: =Dauenhauer!F8 -> 0 | G39: =Dauenhauer!G8 -> 0 | H39: =Dauenhauer!H8 -> N/A
B40: Fayette Heating & Air | C40: ='Fayette HA'!C8 -> 0 | D40: ='Fayette HA'!D8 -> 0 | E40: ='Fayette HA'!E8 -> N/A | F40: ='Fayette HA'!F8 -> 0 | G40: ='Fayette HA'!G8 -> 0 | H40: ='Fayette HA'!H8 -> N/A
B41: GAC Services | C41: ='GAC Services'!C8 -> 0 | D41: ='GAC Services'!D8 -> 0 | E41: ='GAC Services'!E8 -> N/A | F41: ='GAC Services'!F8 -> 0 | G41: ='GAC Services'!G8 -> 0 | H41: ='GAC Services'!H8 -> N/A
B42: Hunter Super Techs | C42: ='Hunter Super Techs'!C8 -> 0 | D42: ='Hunter Super Techs'!D8 -> 0 | E42: ='Hunter Super Techs'!E8 -> N/A | F42: ='Hunter Super Techs'!F8 -> 0 | G42: ='Hunter Super Techs'!G8 -> 0 | H42: ='Hunter Super Techs'!H8 -> N/A
B43: LimRic | C43: =LimRic!C8 -> 0 | D43: =LimRic!D8 -> 0 | E43: =LimRic!E8 -> N/A | F43: =LimRic!F8 -> 0 | G43: =LimRic!G8 -> 0 | H43: =LimRic!H8 -> N/A
B44: Reliable Power Systems | C44: ='Reliable Power'!C8 -> 0 | D44: ='Reliable Power'!D8 -> 0 | E44: ='Reliable Power'!E8 -> N/A | F44: ='Reliable Power'!F8 -> 0 | G44: ='Reliable Power'!G8 -> 0 | H44: ='Reliable Power'!H8 -> N/A
B45: Roth Home | C45: ='Roth Home'!C8 -> 0 | D45: ='Roth Home'!D8 -> 0 | E45: ='Roth Home'!E8 -> N/A | F45: ='Roth Home'!F8 -> 0 | G45: ='Roth Home'!G8 -> 0 | H45: ='Roth Home'!H8 -> N/A
B46: Schaal Plumbing, Heating & Cooling | C46: ='Schaal PHC'!C8 -> 0 | D46: ='Schaal PHC'!D8 -> 0 | E46: ='Schaal PHC'!E8 -> N/A | F46: ='Schaal PHC'!F8 -> 0 | G46: ='Schaal PHC'!G8 -> 0 | H46: ='Schaal PHC'!H8 -> N/A
B47: Sunny Service | C47: ='Sunny Service'!C8 -> 0 | D47: ='Sunny Service'!D8 -> 0 | E47: ='Sunny Service'!E8 -> N/A | F47: ='Sunny Service'!F8 -> 0 | G47: ='Sunny Service'!G8 -> 0 | H47: ='Sunny Service'!H8 -> N/A
B48: Webb HVAC | C48: ='Webb HVAC'!C8 -> 0 | D48: ='Webb HVAC'!D8 -> 0 | E48: ='Webb HVAC'!E8 -> N/A | F48: ='Webb HVAC'!F8 -> 0 | G48: ='Webb HVAC'!G8 -> 0 | H48: ='Webb HVAC'!H8 -> N/A
A50: Sessions — ALL BRANDS
B51: Brand | C51: FY 2024 | D51: FY 2025 | E51: YoY Δ% | F51: Jan 2025 | G51: Jan 2026 | H51: Jan YoY Δ%
B52: Anthony | C52: =Anthony!C9 -> 0 | D52: =Anthony!D9 -> 0 | E52: =Anthony!E9 -> N/A | F52: =Anthony!F9 -> 0 | G52: =Anthony!G9 -> 0 | H52: =Anthony!H9 -> N/A
B53: Anytime Plumbing, Heating & Cooling | C53: ='Anytime PHC'!C9 -> 0 | D53: ='Anytime PHC'!D9 -> 0 | E53: ='Anytime PHC'!E9 -> N/A | F53: ='Anytime PHC'!F9 -> 0 | G53: ='Anytime PHC'!G9 -> 0 | H53: ='Anytime PHC'!H9 -> N/A
B54: Apollo Home | C54: ='Apollo Home'!C9 -> 0 | D54: ='Apollo Home'!D9 -> 0 | E54: ='Apollo Home'!E9 -> N/A | F54: ='Apollo Home'!F9 -> 0 | G54: ='Apollo Home'!G9 -> 0 | H54: ='Apollo Home'!H9 -> N/A
B55: Arctic Air Conditioning | C55: ='Arctic Air'!C9 -> 0 | D55: ='Arctic Air'!D9 -> 0 | E55: ='Arctic Air'!E9 -> N/A | F55: ='Arctic Air'!F9 -> 0 | G55: ='Arctic Air'!G9 -> 0 | H55: ='Arctic Air'!H9 -> N/A
B56: Aztec Plumbing | C56: ='Aztec Plumbing'!C9 -> 0 | D56: ='Aztec Plumbing'!D9 -> 0 | E56: ='Aztec Plumbing'!E9 -> N/A | F56: ='Aztec Plumbing'!F9 -> 0 | G56: ='Aztec Plumbing'!G9 -> 0 | H56: ='Aztec Plumbing'!H9 -> N/A
B57: Bell Brothers | C57: ='Bell Brothers'!C9 -> 0 | D57: ='Bell Brothers'!D9 -> 0 | E57: ='Bell Brothers'!E9 -> N/A | F57: ='Bell Brothers'!F9 -> 0 | G57: ='Bell Brothers'!G9 -> 0 | H57: ='Bell Brothers'!H9 -> N/A
B58: Black Hills Inc | C58: ='Black Hills'!C9 -> 0 | D58: ='Black Hills'!D9 -> 0 | E58: ='Black Hills'!E9 -> N/A | F58: ='Black Hills'!F9 -> 0 | G58: ='Black Hills'!G9 -> 0 | H58: ='Black Hills'!H9 -> N/A
B59: Campbell and Company | C59: ='Campbell & Co'!C9 -> 0 | D59: ='Campbell & Co'!D9 -> 0 | E59: ='Campbell & Co'!E9 -> N/A | F59: ='Campbell & Co'!F9 -> 0 | G59: ='Campbell & Co'!G9 -> 0 | H59: ='Campbell & Co'!H9 -> N/A
B60: Cassell Brothers | C60: ='Cassell Bros'!C9 -> 0 | D60: ='Cassell Bros'!D9 -> 0 | E60: ='Cassell Bros'!E9 -> N/A | F60: ='Cassell Bros'!F9 -> 0 | G60: ='Cassell Bros'!G9 -> 0 | H60: ='Cassell Bros'!H9 -> N/A
B61: Charles Stone Mechanical | C61: ='Charles Stone'!C9 -> 0 | D61: ='Charles Stone'!D9 -> 0 | E61: ='Charles Stone'!E9 -> N/A | F61: ='Charles Stone'!F9 -> 0 | G61: ='Charles Stone'!G9 -> 0 | H61: ='Charles Stone'!H9 -> N/A
B62: Dauenhauer Plumbing | C62: =Dauenhauer!C9 -> 0 | D62: =Dauenhauer!D9 -> 0 | E62: =Dauenhauer!E9 -> N/A | F62: =Dauenhauer!F9 -> 0 | G62: =Dauenhauer!G9 -> 0 | H62: =Dauenhauer!H9 -> N/A
B63: Fayette Heating & Air | C63: ='Fayette HA'!C9 -> 0 | D63: ='Fayette HA'!D9 -> 0 | E63: ='Fayette HA'!E9 -> N/A | F63: ='Fayette HA'!F9 -> 0 | G63: ='Fayette HA'!G9 -> 0 | H63: ='Fayette HA'!H9 -> N/A
B64: GAC Services | C64: ='GAC Services'!C9 -> 0 | D64: ='GAC Services'!D9 -> 0 | E64: ='GAC Services'!E9 -> N/A | F64: ='GAC Services'!F9 -> 0 | G64: ='GAC Services'!G9 -> 0 | H64: ='GAC Services'!H9 -> N/A
B65: Hunter Super Techs | C65: ='Hunter Super Techs'!C9 -> 0 | D65: ='Hunter Super Techs'!D9 -> 0 | E65: ='Hunter Super Techs'!E9 -> N/A | F65: ='Hunter Super Techs'!F9 -> 0 | G65: ='Hunter Super Techs'!G9 -> 0 | H65: ='Hunter Super Techs'!H9 -> N/A
B66: LimRic | C66: =LimRic!C9 -> 0 | D66: =LimRic!D9 -> 0 | E66: =LimRic!E9 -> N/A | F66: =LimRic!F9 -> 0 | G66: =LimRic!G9 -> 0 | H66: =LimRic!H9 -> N/A
B67: Reliable Power Systems | C67: ='Reliable Power'!C9 -> 0 | D67: ='Reliable Power'!D9 -> 0 | E67: ='Reliable Power'!E9 -> N/A | F67: ='Reliable Power'!F9 -> 0 | G67: ='Reliable Power'!G9 -> 0 | H67: ='Reliable Power'!H9 -> N/A
B68: Roth Home | C68: ='Roth Home'!C9 -> 0 | D68: ='Roth Home'!D9 -> 0 | E68: ='Roth Home'!E9 -> N/A | F68: ='Roth Home'!F9 -> 0 | G68: ='Roth Home'!G9 -> 0 | H68: ='Roth Home'!H9 -> N/A
B69: Schaal Plumbing, Heating & Cooling | C69: ='Schaal PHC'!C9 -> 0 | D69: ='Schaal PHC'!D9 -> 0 | E69: ='Schaal PHC'!E9 -> N/A | F69: ='Schaal PHC'!F9 -> 0 | G69: ='Schaal PHC'!G9 -> 0 | H69: ='Schaal PHC'!H9 -> N/A
B70: Sunny Service | C70: ='Sunny Service'!C9 -> 0 | D70: ='Sunny Service'!D9 -> 0 | E70: ='Sunny Service'!E9 -> N/A | F70: ='Sunny Service'!F9 -> 0 | G70: ='Sunny Service'!G9 -> 0 | H70: ='Sunny Service'!H9 -> N/A
B71: Webb HVAC | C71: ='Webb HVAC'!C9 -> 0 | D71: ='Webb HVAC'!D9 -> 0 | E71: ='Webb HVAC'!E9 -> N/A | F71: ='Webb HVAC'!F9 -> 0 | G71: ='Webb HVAC'!G9 -> 0 | H71: ='Webb HVAC'!H9 -> N/A
A73: Pageviews — ALL BRANDS
B74: Brand | C74: FY 2024 | D74: FY 2025 | E74: YoY Δ% | F74: Jan 2025 | G74: Jan 2026 | H74: Jan YoY Δ%
B75: Anthony | C75: =Anthony!C10 -> 0 | D75: =Anthony!D10 -> 0 | E75: =Anthony!E10 -> N/A | F75: =Anthony!F10 -> 0 | G75: =Anthony!G10 -> 0 | H75: =Anthony!H10 -> N/A
B76: Anytime Plumbing, Heating & Cooling | C76: ='Anytime PHC'!C10 -> 0 | D76: ='Anytime PHC'!D10 -> 0 | E76: ='Anytime PHC'!E10 -> N/A | F76: ='Anytime PHC'!F10 -> 0 | G76: ='Anytime PHC'!G10 -> 0 | H76: ='Anytime PHC'!H10 -> N/A
B77: Apollo Home | C77: ='Apollo Home'!C10 -> 0 | D77: ='Apollo Home'!D10 -> 0 | E77: ='Apollo Home'!E10 -> N/A | F77: ='Apollo Home'!F10 -> 0 | G77: ='Apollo Home'!G10 -> 0 | H77: ='Apollo Home'!H10 -> N/A
B78: Arctic Air Conditioning | C78: ='Arctic Air'!C10 -> 0 | D78: ='Arctic Air'!D10 -> 0 | E78: ='Arctic Air'!E10 -> N/A | F78: ='Arctic Air'!F10 -> 0 | G78: ='Arctic Air'!G10 -> 0 | H78: ='Arctic Air'!H10 -> N/A
B79: Aztec Plumbing | C79: ='Aztec Plumbing'!C10 -> 0 | D79: ='Aztec Plumbing'!D10 -> 0 | E79: ='Aztec Plumbing'!E10 -> N/A | F79: ='Aztec Plumbing'!F10 -> 0 | G79: ='Aztec Plumbing'!G10 -> 0 | H79: ='Aztec Plumbing'!H10 -> N/A
B80: Bell Brothers | C80: ='Bell Brothers'!C10 -> 0 | D80: ='Bell Brothers'!D10 -> 0 | E80: ='Bell Brothers'!E10 -> N/A | F80: ='Bell Brothers'!F10 -> 0 | G80: ='Bell Brothers'!G10 -> 0 | H80: ='Bell Brothers'!H10 -> N/A
B81: Black Hills Inc | C81: ='Black Hills'!C10 -> 0 | D81: ='Black Hills'!D10 -> 0 | E81: ='Black Hills'!E10 -> N/A | F81: ='Black Hills'!F10 -> 0 | G81: ='Black Hills'!G10 -> 0 | H81: ='Black Hills'!H10 -> N/A
B82: Campbell and Company | C82: ='Campbell & Co'!C10 -> 0 | D82: ='Campbell & Co'!D10 -> 0 | E82: ='Campbell & Co'!E10 -> N/A | F82: ='Campbell & Co'!F10 -> 0 | G82: ='Campbell & Co'!G10 -> 0 | H82: ='Campbell & Co'!H10 -> N/A
B83: Cassell Brothers | C83: ='Cassell Bros'!C10 -> 0 | D83: ='Cassell Bros'!D10 -> 0 | E83: ='Cassell Bros'!E10 -> N/A | F83: ='Cassell Bros'!F10 -> 0 | G83: ='Cassell Bros'!G10 -> 0 | H83: ='Cassell Bros'!H10 -> N/A
B84: Charles Stone Mechanical | C84: ='Charles Stone'!C10 -> 0 | D84: ='Charles Stone'!D10 -> 0 | E84: ='Charles Stone'!E10 -> N/A | F84: ='Charles Stone'!F10 -> 0 | G84: ='Charles Stone'!G10 -> 0 | H84: ='Charles Stone'!H10 -> N/A
B85: Dauenhauer Plumbing | C85: =Dauenhauer!C10 -> 0 | D85: =Dauenhauer!D10 -> 0 | E85: =Dauenhauer!E10 -> N/A | F85: =Dauenhauer!F10 -> 0 | G85: =Dauenhauer!G10 -> 0 | H85: =Dauenhauer!H10 -> N/A
B86: Fayette Heating & Air | C86: ='Fayette HA'!C10 -> 0 | D86: ='Fayette HA'!D10 -> 0 | E86: ='Fayette HA'!E10 -> N/A | F86: ='Fayette HA'!F10 -> 0 | G86: ='Fayette HA'!G10 -> 0 | H86: ='Fayette HA'!H10 -> N/A
B87: GAC Services | C87: ='GAC Services'!C10 -> 0 | D87: ='GAC Services'!D10 -> 0 | E87: ='GAC Services'!E10 -> N/A | F87: ='GAC Services'!F10 -> 0 | G87: ='GAC Services'!G10 -> 0 | H87: ='GAC Services'!H10 -> N/A
B88: Hunter Super Techs | C88: ='Hunter Super Techs'!C10 -> 0 | D88: ='Hunter Super Techs'!D10 -> 0 | E88: ='Hunter Super Techs'!E10 -> N/A | F88: ='Hunter Super Techs'!F10 -> 0 | G88: ='Hunter Super Techs'!G10 -> 0 | H88: ='Hunter Super Techs'!H10 -> N/A
B89: LimRic | C89: =LimRic!C10 -> 0 | D89: =LimRic!D10 -> 0 | E89: =LimRic!E10 -> N/A | F89: =LimRic!F10 -> 0 | G89: =LimRic!G10 -> 0 | H89: =LimRic!H10 -> N/A
B90: Reliable Power Systems | C90: ='Reliable Power'!C10 -> 0 | D90: ='Reliable Power'!D10 -> 0 | E90: ='Reliable Power'!E10 -> N/A | F90: ='Reliable Power'!F10 -> 0 | G90: ='Reliable Power'!G10 -> 0 | H90: ='Reliable Power'!H10 -> N/A
B91: Roth Home | C91: ='Roth Home'!C10 -> 0 | D91: ='Roth Home'!D10 -> 0 | E91: ='Roth Home'!E10 -> N/A | F91: ='Roth Home'!F10 -> 0 | G91: ='Roth Home'!G10 -> 0 | H91: ='Roth Home'!H10 -> N/A
B92: Schaal Plumbing, Heating & Cooling | C92: ='Schaal PHC'!C10 -> 0 | D92: ='Schaal PHC'!D10 -> 0 | E92: ='Schaal PHC'!E10 -> N/A | F92: ='Schaal PHC'!F10 -> 0 | G92: ='Schaal PHC'!G10 -> 0 | H92: ='Schaal PHC'!H10 -> N/A
B93: Sunny Service | C93: ='Sunny Service'!C10 -> 0 | D93: ='Sunny Service'!D10 -> 0 | E93: ='Sunny Service'!E10 -> N/A | F93: ='Sunny Service'!F10 -> 0 | G93: ='Sunny Service'!G10 -> 0 | H93: ='Sunny Service'!H10 -> N/A
B94: Webb HVAC | C94: ='Webb HVAC'!C10 -> 0 | D94: ='Webb HVAC'!D10 -> 0 | E94: ='Webb HVAC'!E10 -> N/A | F94: ='Webb HVAC'!F10 -> 0 | G94: ='Webb HVAC'!G10 -> 0 | H94: ='Webb HVAC'!H10 -> N/A
A96: Engagement Rate — ALL BRANDS
B97: Brand | C97: FY 2024 | D97: FY 2025 | E97: YoY Δ% | F97: Jan 2025 | G97: Jan 2026 | H97: Jan YoY Δ%
B98: Anthony | C98: =Anthony!C12 -> 0 | D98: =Anthony!D12 -> 0 | E98: =Anthony!E12 -> N/A | F98: =Anthony!F12 -> 0 | G98: =Anthony!G12 -> 0 | H98: =Anthony!H12 -> N/A
B99: Anytime Plumbing, Heating & Cooling | C99: ='Anytime PHC'!C12 -> 0 | D99: ='Anytime PHC'!D12 -> 0 | E99: ='Anytime PHC'!E12 -> N/A | F99: ='Anytime PHC'!F12 -> 0 | G99: ='Anytime PHC'!G12 -> 0 | H99: ='Anytime PHC'!H12 -> N/A
B100: Apollo Home | C100: ='Apollo Home'!C12 -> 0 | D100: ='Apollo Home'!D12 -> 0 | E100: ='Apollo Home'!E12 -> N/A | F100: ='Apollo Home'!F12 -> 0 | G100: ='Apollo Home'!G12 -> 0 | H100: ='Apollo Home'!H12 -> N/A
B101: Arctic Air Conditioning | C101: ='Arctic Air'!C12 -> 0 | D101: ='Arctic Air'!D12 -> 0 | E101: ='Arctic Air'!E12 -> N/A | F101: ='Arctic Air'!F12 -> 0 | G101: ='Arctic Air'!G12 -> 0 | H101: ='Arctic Air'!H12 -> N/A
B102: Aztec Plumbing | C102: ='Aztec Plumbing'!C12 -> 0 | D102: ='Aztec Plumbing'!D12 -> 0 | E102: ='Aztec Plumbing'!E12 -> N/A | F102: ='Aztec Plumbing'!F12 -> 0 | G102: ='Aztec Plumbing'!G12 -> 0 | H102: ='Aztec Plumbing'!H12 -> N/A
B103: Bell Brothers | C103: ='Bell Brothers'!C12 -> 0 | D103: ='Bell Brothers'!D12 -> 0 | E103: ='Bell Brothers'!E12 -> N/A | F103: ='Bell Brothers'!F12 -> 0 | G103: ='Bell Brothers'!G12 -> 0 | H103: ='Bell Brothers'!H12 -> N/A
B104: Black Hills Inc | C104: ='Black Hills'!C12 -> 0 | D104: ='Black Hills'!D12 -> 0 | E104: ='Black Hills'!E12 -> N/A | F104: ='Black Hills'!F12 -> 0 | G104: ='Black Hills'!G12 -> 0 | H104: ='Black Hills'!H12 -> N/A
B105: Campbell and Company | C105: ='Campbell & Co'!C12 -> 0 | D105: ='Campbell & Co'!D12 -> 0 | E105: ='Campbell & Co'!E12 -> N/A | F105: ='Campbell & Co'!F12 -> 0 | G105: ='Campbell & Co'!G12 -> 0 | H105: ='Campbell & Co'!H12 -> N/A
...

Sheet Media Channel Summary
A1: MEDIA CHANNEL PERFORMANCE — AGENCY CAMPAIGN ASSESSMENT
A2: Focus: Direct (TV Lift), Display (Targeted Ads), Paid Video (OTT/CTV), Cross-network
A4: Direct (Broadcast TV Lift Proxy) — Sessions by Brand
B5: Brand | C5: FY 2024 | D5: FY 2025 | E5: YoY Δ% | F5: Jan 2025 | G5: Jan 2026 | H5: Jan YoY Δ%
B6: Anthony | C6: =Anthony!C25 -> 0 | D6: =Anthony!D25 -> 0 | E6: =Anthony!E25 -> N/A | F6: =Anthony!F25 -> 0 | G6: =Anthony!G25 -> 0 | H6: =Anthony!H25 -> N/A
B7: Anytime Plumbing, Heating & Cooling | C7: ='Anytime PHC'!C25 -> 0 | D7: ='Anytime PHC'!D25 -> 0 | E7: ='Anytime PHC'!E25 -> N/A | F7: ='Anytime PHC'!F25 -> 0 | G7: ='Anytime PHC'!G25 -> 0 | H7: ='Anytime PHC'!H25 -> N/A
B8: Apollo Home | C8: ='Apollo Home'!C25 -> 0 | D8: ='Apollo Home'!D25 -> 0 | E8: ='Apollo Home'!E25 -> N/A | F8: ='Apollo Home'!F25 -> 0 | G8: ='Apollo Home'!G25 -> 0 | H8: ='Apollo Home'!H25 -> N/A
B9: Arctic Air Conditioning | C9: ='Arctic Air'!C25 -> 0 | D9: ='Arctic Air'!D25 -> 0 | E9: ='Arctic Air'!E25 -> N/A | F9: ='Arctic Air'!F25 -> 0 | G9: ='Arctic Air'!G25 -> 0 | H9: ='Arctic Air'!H25 -> N/A
B10: Aztec Plumbing | C10: ='Aztec Plumbing'!C25 -> 0 | D10: ='Aztec Plumbing'!D25 -> 0 | E10: ='Aztec Plumbing'!E25 -> N/A | F10: ='Aztec Plumbing'!F25 -> 0 | G10: ='Aztec Plumbing'!G25 -> 0 | H10: ='Aztec Plumbing'!H25 -> N/A
B11: Bell Brothers | C11: ='Bell Brothers'!C25 -> 0 | D11: ='Bell Brothers'!D25 -> 0 | E11: ='Bell Brothers'!E25 -> N/A | F11: ='Bell Brothers'!F25 -> 0 | G11: ='Bell Brothers'!G25 -> 0 | H11: ='Bell Brothers'!H25 -> N/A
B12: Black Hills Inc | C12: ='Black Hills'!C25 -> 0 | D12: ='Black Hills'!D25 -> 0 | E12: ='Black Hills'!E25 -> N/A | F12: ='Black Hills'!F25 -> 0 | G12: ='Black Hills'!G25 -> 0 | H12: ='Black Hills'!H25 -> N/A
B13: Campbell and Company | C13: ='Campbell & Co'!C25 -> 0 | D13: ='Campbell & Co'!D25 -> 0 | E13: ='Campbell & Co'!E25 -> N/A | F13: ='Campbell & Co'!F25 -> 0 | G13: ='Campbell & Co'!G25 -> 0 | H13: ='Campbell & Co'!H25 -> N/A
B14: Cassell Brothers | C14: ='Cassell Bros'!C25 -> 0 | D14: ='Cassell Bros'!D25 -> 0 | E14: ='Cassell Bros'!E25 -> N/A | F14: ='Cassell Bros'!F25 -> 0 | G14: ='Cassell Bros'!G25 -> 0 | H14: ='Cassell Bros'!H25 -> N/A
B15: Charles Stone Mechanical | C15: ='Charles Stone'!C25 -> 0 | D15: ='Charles Stone'!D25 -> 0 | E15: ='Charles Stone'!E25 -> N/A | F15: ='Charles Stone'!F25 -> 0 | G15: ='Charles Stone'!G25 -> 0 | H15: ='Charles Stone'!H25 -> N/A
B16: Dauenhauer Plumbing | C16: =Dauenhauer!C25 -> 0 | D16: =Dauenhauer!D25 -> 0 | E16: =Dauenhauer!E25 -> N/A | F16: =Dauenhauer!F25 -> 0 | G16: =Dauenhauer!G25 -> 0 | H16: =Dauenhauer!H25 -> N/A
B17: Fayette Heating & Air | C17: ='Fayette HA'!C25 -> 0 | D17: ='Fayette HA'!D25 -> 0 | E17: ='Fayette HA'!E25 -> N/A | F17: ='Fayette HA'!F25 -> 0 | G17: ='Fayette HA'!G25 -> 0 | H17: ='Fayette HA'!H25 -> N/A
B18: GAC Services | C18: ='GAC Services'!C25 -> 0 | D18: ='GAC Services'!D25 -> 0 | E18: ='GAC Services'!E25 -> N/A | F18: ='GAC Services'!F25 -> 0 | G18: ='GAC Services'!G25 -> 0 | H18: ='GAC Services'!H25 -> N/A
B19: Hunter Super Techs | C19: ='Hunter Super Techs'!C25 -> 0 | D19: ='Hunter Super Techs'!D25 -> 0 | E19: ='Hunter Super Techs'!E25 -> N/A | F19: ='Hunter Super Techs'!F25 -> 0 | G19: ='Hunter Super Techs'!G25 -> 0 | H19: ='Hunter Super Techs'!H25 -> N/A
B20: LimRic | C20: =LimRic!C25 -> 0 | D20: =LimRic!D25 -> 0 | E20: =LimRic!E25 -> N/A | F20: =LimRic!F25 -> 0 | G20: =LimRic!G25 -> 0 | H20: =LimRic!H25 -> N/A
B21: Reliable Power Systems | C21: ='Reliable Power'!C25 -> 0 | D21: ='Reliable Power'!D25 -> 0 | E21: ='Reliable Power'!E25 -> N/A | F21: ='Reliable Power'!F25 -> 0 | G21: ='Reliable Power'!G25 -> 0 | H21: ='Reliable Power'!H25 -> N/A
B22: Roth Home | C22: ='Roth Home'!C25 -> 0 | D22: ='Roth Home'!D25 -> 0 | E22: ='Roth Home'!E25 -> N/A | F22: ='Roth Home'!F25 -> 0 | G22: ='Roth Home'!G25 -> 0 | H22: ='Roth Home'!H25 -> N/A
B23: Schaal Plumbing, Heating & Cooling | C23: ='Schaal PHC'!C25 -> 0 | D23: ='Schaal PHC'!D25 -> 0 | E23: ='Schaal PHC'!E25 -> N/A | F23: ='Schaal PHC'!F25 -> 0 | G23: ='Schaal PHC'!G25 -> 0 | H23: ='Schaal PHC'!H25 -> N/A
B24: Sunny Service | C24: ='Sunny Service'!C25 -> 0 | D24: ='Sunny Service'!D25 -> 0 | E24: ='Sunny Service'!E25 -> N/A | F24: ='Sunny Service'!F25 -> 0 | G24: ='Sunny Service'!G25 -> 0 | H24: ='Sunny Service'!H25 -> N/A
B25: Webb HVAC | C25: ='Webb HVAC'!C25 -> 0 | D25: ='Webb HVAC'!D25 -> 0 | E25: ='Webb HVAC'!E25 -> N/A | F25: ='Webb HVAC'!F25 -> 0 | G25: ='Webb HVAC'!G25 -> 0 | H25: ='Webb HVAC'!H25 -> N/A
A27: Display (Targeted Display Ads) — Sessions by Brand
B28: Brand | C28: FY 2024 | D28: FY 2025 | E28: YoY Δ% | F28: Jan 2025 | G28: Jan 2026 | H28: Jan YoY Δ%
B29: Anthony | C29: =Anthony!C28 -> 0 | D29: =Anthony!D28 -> 0 | E29: =Anthony!E28 -> N/A | F29: =Anthony!F28 -> 0 | G29: =Anthony!G28 -> 0 | H29: =Anthony!H28 -> N/A
B30: Anytime Plumbing, Heating & Cooling | C30: ='Anytime PHC'!C28 -> 0 | D30: ='Anytime PHC'!D28 -> 0 | E30: ='Anytime PHC'!E28 -> N/A | F30: ='Anytime PHC'!F28 -> 0 | G30: ='Anytime PHC'!G28 -> 0 | H30: ='Anytime PHC'!H28 -> N/A
B31: Apollo Home | C31: ='Apollo Home'!C28 -> 0 | D31: ='Apollo Home'!D28 -> 0 | E31: ='Apollo Home'!E28 -> N/A | F31: ='Apollo Home'!F28 -> 0 | G31: ='Apollo Home'!G28 -> 0 | H31: ='Apollo Home'!H28 -> N/A
B32: Arctic Air Conditioning | C32: ='Arctic Air'!C28 -> 0 | D32: ='Arctic Air'!D28 -> 0 | E32: ='Arctic Air'!E28 -> N/A | F32: ='Arctic Air'!F28 -> 0 | G32: ='Arctic Air'!G28 -> 0 | H32: ='Arctic Air'!H28 -> N/A
B33: Aztec Plumbing | C33: ='Aztec Plumbing'!C28 -> 0 | D33: ='Aztec Plumbing'!D28 -> 0 | E33: ='Aztec Plumbing'!E28 -> N/A | F33: ='Aztec Plumbing'!F28 -> 0 | G33: ='Aztec Plumbing'!G28 -> 0 | H33: ='Aztec Plumbing'!H28 -> N/A
B34: Bell Brothers | C34: ='Bell Brothers'!C28 -> 0 | D34: ='Bell Brothers'!D28 -> 0 | E34: ='Bell Brothers'!E28 -> N/A | F34: ='Bell Brothers'!F28 -> 0 | G34: ='Bell Brothers'!G28 -> 0 | H34: ='Bell Brothers'!H28 -> N/A
B35: Black Hills Inc | C35: ='Black Hills'!C28 -> 0 | D35: ='Black Hills'!D28 -> 0 | E35: ='Black Hills'!E28 -> N/A | F35: ='Black Hills'!F28 -> 0 | G35: ='Black Hills'!G28 -> 0 | H35: ='Black Hills'!H28 -> N/A
B36: Campbell and Company | C36: ='Campbell & Co'!C28 -> 0 | D36: ='Campbell & Co'!D28 -> 0 | E36: ='Campbell & Co'!E28 -> N/A | F36: ='Campbell & Co'!F28 -> 0 | G36: ='Campbell & Co'!G28 -> 0 | H36: ='Campbell & Co'!H28 -> N/A
B37: Cassell Brothers | C37: ='Cassell Bros'!C28 -> 0 | D37: ='Cassell Bros'!D28 -> 0 | E37: ='Cassell Bros'!E28 -> N/A | F37: ='Cassell Bros'!F28 -> 0 | G37: ='Cassell Bros'!G28 -> 0 | H37: ='Cassell Bros'!H28 -> N/A
B38: Charles Stone Mechanical | C38: ='Charles Stone'!C28 -> 0 | D38: ='Charles Stone'!D28 -> 0 | E38: ='Charles Stone'!E28 -> N/A | F38: ='Charles Stone'!F28 -> 0 | G38: ='Charles Stone'!G28 -> 0 | H38: ='Charles Stone'!H28 -> N/A
B39: Dauenhauer Plumbing | C39: =Dauenhauer!C28 -> 0 | D39: =Dauenhauer!D28 -> 0 | E39: =Dauenhauer!E28 -> N/A | F39: =Dauenhauer!F28 -> 0 | G39: =Dauenhauer!G28 -> 0 | H39: =Dauenhauer!H28 -> N/A
B40: Fayette Heating & Air | C40: ='Fayette HA'!C28 -> 0 | D40: ='Fayette HA'!D28 -> 0 | E40: ='Fayette HA'!E28 -> N/A | F40: ='Fayette HA'!F28 -> 0 | G40: ='Fayette HA'!G28 -> 0 | H40: ='Fayette HA'!H28 -> N/A
B41: GAC Services | C41: ='GAC Services'!C28 -> 0 | D41: ='GAC Services'!D28 -> 0 | E41: ='GAC Services'!E28 -> N/A | F41: ='GAC Services'!F28 -> 0 | G41: ='GAC Services'!G28 -> 0 | H41: ='GAC Services'!H28 -> N/A
B42: Hunter Super Techs | C42: ='Hunter Super Techs'!C28 -> 0 | D42: ='Hunter Super Techs'!D28 -> 0 | E42: ='Hunter Super Techs'!E28 -> N/A | F42: ='Hunter Super Techs'!F28 -> 0 | G42: ='Hunter Super Techs'!G28 -> 0 | H42: ='Hunter Super Techs'!H28 -> N/A
B43: LimRic | C43: =LimRic!C28 -> 0 | D43: =LimRic!D28 -> 0 | E43: =LimRic!E28 -> N/A | F43: =LimRic!F28 -> 0 | G43: =LimRic!G28 -> 0 | H43: =LimRic!H28 -> N/A
B44: Reliable Power Systems | C44: ='Reliable Power'!C28 -> 0 | D44: ='Reliable Power'!D28 -> 0 | E44: ='Reliable Power'!E28 -> N/A | F44: ='Reliable Power'!F28 -> 0 | G44: ='Reliable Power'!G28 -> 0 | H44: ='Reliable Power'!H28 -> N/A
B45: Roth Home | C45: ='Roth Home'!C28 -> 0 | D45: ='Roth Home'!D28 -> 0 | E45: ='Roth Home'!E28 -> N/A | F45: ='Roth Home'!F28 -> 0 | G45: ='Roth Home'!G28 -> 0 | H45: ='Roth Home'!H28 -> N/A
B46: Schaal Plumbing, Heating & Cooling | C46: ='Schaal PHC'!C28 -> 0 | D46: ='Schaal PHC'!D28 -> 0 | E46: ='Schaal PHC'!E28 -> N/A | F46: ='Schaal PHC'!F28 -> 0 | G46: ='Schaal PHC'!G28 -> 0 | H46: ='Schaal PHC'!H28 -> N/A
B47: Sunny Service | C47: ='Sunny Service'!C28 -> 0 | D47: ='Sunny Service'!D28 -> 0 | E47: ='Sunny Service'!E28 -> N/A | F47: ='Sunny Service'!F28 -> 0 | G47: ='Sunny Service'!G28 -> 0 | H47: ='Sunny Service'!H28 -> N/A
B48: Webb HVAC | C48: ='Webb HVAC'!C28 -> 0 | D48: ='Webb HVAC'!D28 -> 0 | E48: ='Webb HVAC'!E28 -> N/A | F48: ='Webb HVAC'!F28 -> 0 | G48: ='Webb HVAC'!G28 -> 0 | H48: ='Webb HVAC'!H28 -> N/A
A50: Paid Video — OTT/CTV — Sessions by Brand
B51: Brand | C51: FY 2024 | D51: FY 2025 | E51: YoY Δ% | F51: Jan 2025 | G51: Jan 2026 | H51: Jan YoY Δ%
B52: Anthony | C52: =Anthony!C29 -> 0 | D52: =Anthony!D29 -> 0 | E52: =Anthony!E29 -> N/A | F52: =Anthony!F29 -> 0 | G52: =Anthony!G29 -> 0 | H52: =Anthony!H29 -> N/A
B53: Anytime Plumbing, Heating & Cooling | C53: ='Anytime PHC'!C29 -> 0 | D53: ='Anytime PHC'!D29 -> 0 | E53: ='Anytime PHC'!E29 -> N/A | F53: ='Anytime PHC'!F29 -> 0 | G53: ='Anytime PHC'!G29 -> 0 | H53: ='Anytime PHC'!H29 -> N/A
B54: Apollo Home | C54: ='Apollo Home'!C29 -> 0 | D54: ='Apollo Home'!D29 -> 0 | E54: ='Apollo Home'!E29 -> N/A | F54: ='Apollo Home'!F29 -> 0 | G54: ='Apollo Home'!G29 -> 0 | H54: ='Apollo Home'!H29 -> N/A
B55: Arctic Air Conditioning | C55: ='Arctic Air'!C29 -> 0 | D55: ='Arctic Air'!D29 -> 0 | E55: ='Arctic Air'!E29 -> N/A | F55: ='Arctic Air'!F29 -> 0 | G55: ='Arctic Air'!G29 -> 0 | H55: ='Arctic Air'!H29 -> N/A
B56: Aztec Plumbing | C56: ='Aztec Plumbing'!C29 -> 0 | D56: ='Aztec Plumbing'!D29 -> 0 | E56: ='Aztec Plumbing'!E29 -> N/A | F56: ='Aztec Plumbing'!F29 -> 0 | G56: ='Aztec Plumbing'!G29 -> 0 | H56: ='Aztec Plumbing'!H29 -> N/A
B57: Bell Brothers | C57: ='Bell Brothers'!C29 -> 0 | D57: ='Bell Brothers'!D29 -> 0 | E57: ='Bell Brothers'!E29 -> N/A | F57: ='Bell Brothers'!F29 -> 0 | G57: ='Bell Brothers'!G29 -> 0 | H57: ='Bell Brothers'!H29 -> N/A
B58: Black Hills Inc | C58: ='Black Hills'!C29 -> 0 | D58: ='Black Hills'!D29 -> 0 | E58: ='Black Hills'!E29 -> N/A | F58: ='Black Hills'!F29 -> 0 | G58: ='Black Hills'!G29 -> 0 | H58: ='Black Hills'!H29 -> N/A
B59: Campbell and Company | C59: ='Campbell & Co'!C29 -> 0 | D59: ='Campbell & Co'!D29 -> 0 | E59: ='Campbell & Co'!E29 -> N/A | F59: ='Campbell & Co'!F29 -> 0 | G59: ='Campbell & Co'!G29 -> 0 | H59: ='Campbell & Co'!H29 -> N/A
B60: Cassell Brothers | C60: ='Cassell Bros'!C29 -> 0 | D60: ='Cassell Bros'!D29 -> 0 | E60: ='Cassell Bros'!E29 -> N/A | F60: ='Cassell Bros'!F29 -> 0 | G60: ='Cassell Bros'!G29 -> 0 | H60: ='Cassell Bros'!H29 -> N/A
B61: Charles Stone Mechanical | C61: ='Charles Stone'!C29 -> 0 | D61: ='Charles Stone'!D29 -> 0 | E61: ='Charles Stone'!E29 -> N/A | F61: ='Charles Stone'!F29 -> 0 | G61: ='Charles Stone'!G29 -> 0 | H61: ='Charles Stone'!H29 -> N/A
B62: Dauenhauer Plumbing | C62: =Dauenhauer!C29 -> 0 | D62: =Dauenhauer!D29 -> 0 | E62: =Dauenhauer!E29 -> N/A | F62: =Dauenhauer!F29 -> 0 | G62: =Dauenhauer!G29 -> 0 | H62: =Dauenhauer!H29 -> N/A
B63: Fayette Heating & Air | C63: ='Fayette HA'!C29 -> 0 | D63: ='Fayette HA'!D29 -> 0 | E63: ='Fayette HA'!E29 -> N/A | F63: ='Fayette HA'!F29 -> 0 | G63: ='Fayette HA'!G29 -> 0 | H63: ='Fayette HA'!H29 -> N/A
B64: GAC Services | C64: ='GAC Services'!C29 -> 0 | D64: ='GAC Services'!D29 -> 0 | E64: ='GAC Services'!E29 -> N/A | F64: ='GAC Services'!F29 -> 0 | G64: ='GAC Services'!G29 -> 0 | H64: ='GAC Services'!H29 -> N/A
B65: Hunter Super Techs | C65: ='Hunter Super Techs'!C29 -> 0 | D65: ='Hunter Super Techs'!D29 -> 0 | E65: ='Hunter Super Techs'!E29 -> N/A | F65: ='Hunter Super Techs'!F29 -> 0 | G65: ='Hunter Super Techs'!G29 -> 0 | H65: ='Hunter Super Techs'!H29 -> N/A
B66: LimRic | C66: =LimRic!C29 -> 0 | D66: =LimRic!D29 -> 0 | E66: =LimRic!E29 -> N/A | F66: =LimRic!F29 -> 0 | G66: =LimRic!G29 -> 0 | H66: =LimRic!H29 -> N/A
B67: Reliable Power Systems | C67: ='Reliable Power'!C29 -> 0 | D67: ='Reliable Power'!D29 -> 0 | E67: ='Reliable Power'!E29 -> N/A | F67: ='Reliable Power'!F29 -> 0 | G67: ='Reliable Power'!G29 -> 0 | H67: ='Reliable Power'!H29 -> N/A
B68: Roth Home | C68: ='Roth Home'!C29 -> 0 | D68: ='Roth Home'!D29 -> 0 | E68: ='Roth Home'!E29 -> N/A | F68: ='Roth Home'!F29 -> 0 | G68: ='Roth Home'!G29 -> 0 | H68: ='Roth Home'!H29 -> N/A
B69: Schaal Plumbing, Heating & Cooling | C69: ='Schaal PHC'!C29 -> 0 | D69: ='Schaal PHC'!D29 -> 0 | E69: ='Schaal PHC'!E29 -> N/A | F69: ='Schaal PHC'!F29 -> 0 | G69: ='Schaal PHC'!G29 -> 0 | H69: ='Schaal PHC'!H29 -> N/A
B70: Sunny Service | C70: ='Sunny Service'!C29 -> 0 | D70: ='Sunny Service'!D29 -> 0 | E70: ='Sunny Service'!E29 -> N/A | F70: ='Sunny Service'!F29 -> 0 | G70: ='Sunny Service'!G29 -> 0 | H70: ='Sunny Service'!H29 -> N/A
B71: Webb HVAC | C71: ='Webb HVAC'!C29 -> 0 | D71: ='Webb HVAC'!D29 -> 0 | E71: ='Webb HVAC'!E29 -> N/A | F71: ='Webb HVAC'!F29 -> 0 | G71: ='Webb HVAC'!G29 -> 0 | H71: ='Webb HVAC'!H29 -> N/A
A73: Cross-network (Programmatic) — Sessions by Brand
B74: Brand | C74: FY 2024 | D74: FY 2025 | E74: YoY Δ% | F74: Jan 2025 | G74: Jan 2026 | H74: Jan YoY Δ%
B75: Anthony | C75: =Anthony!C30 -> 0 | D75: =Anthony!D30 -> 0 | E75: =Anthony!E30 -> N/A | F75: =Anthony!F30 -> 0 | G75: =Anthony!G30 -> 0 | H75: =Anthony!H30 -> N/A
B76: Anytime Plumbing, Heating & Cooling | C76: ='Anytime PHC'!C30 -> 0 | D76: ='Anytime PHC'!D30 -> 0 | E76: ='Anytime PHC'!E30 -> N/A | F76: ='Anytime PHC'!F30 -> 0 | G76: ='Anytime PHC'!G30 -> 0 | H76: ='Anytime PHC'!H30 -> N/A
B77: Apollo Home | C77: ='Apollo Home'!C30 -> 0 | D77: ='Apollo Home'!D30 -> 0 | E77: ='Apollo Home'!E30 -> N/A | F77: ='Apollo Home'!F30 -> 0 | G77: ='Apollo Home'!G30 -> 0 | H77: ='Apollo Home'!H30 -> N/A
B78: Arctic Air Conditioning | C78: ='Arctic Air'!C30 -> 0 | D78: ='Arctic Air'!D30 -> 0 | E78: ='Arctic Air'!E30 -> N/A | F78: ='Arctic Air'!F30 -> 0 | G78: ='Arctic Air'!G30 -> 0 | H78: ='Arctic Air'!H30 -> N/A
B79: Aztec Plumbing | C79: ='Aztec Plumbing'!C30 -> 0 | D79: ='Aztec Plumbing'!D30 -> 0 | E79: ='Aztec Plumbing'!E30 -> N/A | F79: ='Aztec Plumbing'!F30 -> 0 | G79: ='Aztec Plumbing'!G30 -> 0 | H79: ='Aztec Plumbing'!H30 -> N/A
B80: Bell Brothers | C80: ='Bell Brothers'!C30 -> 0 | D80: ='Bell Brothers'!D30 -> 0 | E80: ='Bell Brothers'!E30 -> N/A | F80: ='Bell Brothers'!F30 -> 0 | G80: ='Bell Brothers'!G30 -> 0 | H80: ='Bell Brothers'!H30 -> N/A
B81: Black Hills Inc | C81: ='Black Hills'!C30 -> 0 | D81: ='Black Hills'!D30 -> 0 | E81: ='Black Hills'!E30 -> N/A | F81: ='Black Hills'!F30 -> 0 | G81: ='Black Hills'!G30 -> 0 | H81: ='Black Hills'!H30 -> N/A
B82: Campbell and Company | C82: ='Campbell & Co'!C30 -> 0 | D82: ='Campbell & Co'!D30 -> 0 | E82: ='Campbell & Co'!E30 -> N/A | F82: ='Campbell & Co'!F30 -> 0 | G82: ='Campbell & Co'!G30 -> 0 | H82: ='Campbell & Co'!H30 -> N/A
B83: Cassell Brothers | C83: ='Cassell Bros'!C30 -> 0 | D83: ='Cassell Bros'!D30 -> 0 | E83: ='Cassell Bros'!E30 -> N/A | F83: ='Cassell Bros'!F30 -> 0 | G83: ='Cassell Bros'!G30 -> 0 | H83: ='Cassell Bros'!H30 -> N/A
B84: Charles Stone Mechanical | C84: ='Charles Stone'!C30 -> 0 | D84: ='Charles Stone'!D30 -> 0 | E84: ='Charles Stone'!E30 -> N/A | F84: ='Charles Stone'!F30 -> 0 | G84: ='Charles Stone'!G30 -> 0 | H84: ='Charles Stone'!H30 -> N/A
B85: Dauenhauer Plumbing | C85: =Dauenhauer!C30 -> 0 | D85: =Dauenhauer!D30 -> 0 | E85: =Dauenhauer!E30 -> N/A | F85: =Dauenhauer!F30 -> 0 | G85: =Dauenhauer!G30 -> 0 | H85: =Dauenhauer!H30 -> N/A
B86: Fayette Heating & Air | C86: ='Fayette HA'!C30 -> 0 | D86: ='Fayette HA'!D30 -> 0 | E86: ='Fayette HA'!E30 -> N/A | F86: ='Fayette HA'!F30 -> 0 | G86: ='Fayette HA'!G30 -> 0 | H86: ='Fayette HA'!H30 -> N/A
B87: GAC Services | C87: ='GAC Services'!C30 -> 0 | D87: ='GAC Services'!D30 -> 0 | E87: ='GAC Services'!E30 -> N/A | F87: ='GAC Services'!F30 -> 0 | G87: ='GAC Services'!G30 -> 0 | H87: ='GAC Services'!H30 -> N/A
B88: Hunter Super Techs | C88: ='Hunter Super Techs'!C30 -> 0 | D88: ='Hunter Super Techs'!D30 -> 0 | E88: ='Hunter Super Techs'!E30 -> N/A | F88: ='Hunter Super Techs'!F30 -> 0 | G88: ='Hunter Super Techs'!G30 -> 0 | H88: ='Hunter Super Techs'!H30 -> N/A
B89: LimRic | C89: =LimRic!C30 -> 0 | D89: =LimRic!D30 -> 0 | E89: =LimRic!E30 -> N/A | F89: =LimRic!F30 -> 0 | G89: =LimRic!G30 -> 0 | H89: =LimRic!H30 -> N/A
B90: Reliable Power Systems | C90: ='Reliable Power'!C30 -> 0 | D90: ='Reliable Power'!D30 -> 0 | E90: ='Reliable Power'!E30 -> N/A | F90: ='Reliable Power'!F30 -> 0 | G90: ='Reliable Power'!G30 -> 0 | H90: ='Reliable Power'!H30 -> N/A
B91: Roth Home | C91: ='Roth Home'!C30 -> 0 | D91: ='Roth Home'!D30 -> 0 | E91: ='Roth Home'!E30 -> N/A | F91: ='Roth Home'!F30 -> 0 | G91: ='Roth Home'!G30 -> 0 | H91: ='Roth Home'!H30 -> N/A
B92: Schaal Plumbing, Heating & Cooling | C92: ='Schaal PHC'!C30 -> 0 | D92: ='Schaal PHC'!D30 -> 0 | E92: ='Schaal PHC'!E30 -> N/A | F92: ='Schaal PHC'!F30 -> 0 | G92: ='Schaal PHC'!G30 -> 0 | H92: ='Schaal PHC'!H30 -> N/A
B93: Sunny Service | C93: ='Sunny Service'!C30 -> 0 | D93: ='Sunny Service'!D30 -> 0 | E93: ='Sunny Service'!E30 -> N/A | F93: ='Sunny Service'!F30 -> 0 | G93: ='Sunny Service'!G30 -> 0 | H93: ='Sunny Service'!H30 -> N/A
B94: Webb HVAC | C94: ='Webb HVAC'!C30 -> 0 | D94: ='Webb HVAC'!D30 -> 0 | E94: ='Webb HVAC'!E30 -> N/A | F94: ='Webb HVAC'!F30 -> 0 | G94: ='Webb HVAC'!G30 -> 0 | H94: ='Webb HVAC'!H30 -> N/A
A96: Organic Search (Brand Awareness Proxy) — Sessions by Brand
B97: Brand | C97: FY 2024 | D97: FY 2025 | E97: YoY Δ% | F97: Jan 2025 | G97: Jan 2026 | H97: Jan YoY Δ%
B98: Anthony | C98: =Anthony!C26 -> 0 | D98: =Anthony!D26 -> 0 | E98: =Anthony!E26 -> N/A | F98: =Anthony!F26 -> 0 | G98: =Anthony!G26 -> 0 | H98: =Anthony!H26 -> N/A
B99: Anytime Plumbing, Heating & Cooling | C99: ='Anytime PHC'!C26 -> 0 | D99: ='Anytime PHC'!D26 -> 0 | E99: ='Anytime PHC'!E26 -> N/A | F99: ='Anytime PHC'!F26 -> 0 | G99: ='Anytime PHC'!G26 -> 0 | H99: ='Anytime PHC'!H26 -> N/A
B100: Apollo Home | C100: ='Apollo Home'!C26 -> 0 | D100: ='Apollo Home'!D26 -> 0 | E100: ='Apollo Home'!E26 -> N/A | F100: ='Apollo Home'!F26 -> 0 | G100: ='Apollo Home'!G26 -> 0 | H100: ='Apollo Home'!H26 -> N/A
B101: Arctic Air Conditioning | C101: ='Arctic Air'!C26 -> 0 | D101: ='Arctic Air'!D26 -> 0 | E101: ='Arctic Air'!E26 -> N/A | F101: ='Arctic Air'!F26 -> 0 | G101: ='Arctic Air'!G26 -> 0 | H101: ='Arctic Air'!H26 -> N/A
B102: Aztec Plumbing | C102: ='Aztec Plumbing'!C26 -> 0 | D102: ='Aztec Plumbing'!D26 -> 0 | E102: ='Aztec Plumbing'!E26 -> N/A | F102: ='Aztec Plumbing'!F26 -> 0 | G102: ='Aztec Plumbing'!G26 -> 0 | H102: ='Aztec Plumbing'!H26 -> N/A
B103: Bell Brothers | C103: ='Bell Brothers'!C26 -> 0 | D103: ='Bell Brothers'!D26 -> 0 | E103: ='Bell Brothers'!E26 -> N/A | F103: ='Bell Brothers'!F26 -> 0 | G103: ='Bell Brothers'!G26 -> 0 | H103: ='Bell Brothers'!H26 -> N/A
B104: Black Hills Inc | C104: ='Black Hills'!C26 -> 0 | D104: ='Black Hills'!D26 -> 0 | E104: ='Black Hills'!E26 -> N/A | F104: ='Black Hills'!F26 -> 0 | G104: ='Black Hills'!G26 -> 0 | H104: ='Black Hills'!H26 -> N/A
B105: Campbell and Company | C105: ='Campbell & Co'!C26 -> 0 | D105: ='Campbell & Co'!D26 -> 0 | E105: ='Campbell & Co'!E26 -> N/A | F105: ='Campbell & Co'!F26 -> 0 | G105: ='Campbell & Co'!G26 -> 0 | H105: ='Campbell & Co'!H26 -> N/A
...

Sheet Anthony
A1: Anthony
A2: GA4 Account ID: 266746707
A4: SECTION 1: OVERVIEW METRICS
B5: Metric | C5: Full Year 2024 | D5: Full Year 2025 | E5: YoY Change % | F5: Jan 2025 | G5: Jan 2026 | H5: MoM Change %
B6: Traffic & Acquisition
B7: Total Users | E7: =IF(C7=0,"N/A",(D7-C7)/C7) -> N/A | H7: =IF(F7=0,"N/A",(G7-F7)/F7) -> N/A
B8: New Users | E8: =IF(C8=0,"N/A",(D8-C8)/C8) -> N/A | H8: =IF(F8=0,"N/A",(G8-F8)/F8) -> N/A
B9: Sessions | E9: =IF(C9=0,"N/A",(D9-C9)/C9) -> N/A | H9: =IF(F9=0,"N/A",(G9-F9)/F9) -> N/A
B10: Pageviews (Screen Views) | E10: =IF(C10=0,"N/A",(D10-C10)/C10) -> N/A | H10: =IF(F10=0,"N/A",(G10-F10)/F10) -> N/A
B11: Engagement
B12: Engagement Rate | E12: =IF(C12=0,"N/A",(D12-C12)/C12) -> N/A | H12: =IF(F12=0,"N/A",(G12-F12)/F12) -> N/A
B13: Avg. Session Duration (sec) | E13: =IF(C13=0,"N/A",(D13-C13)/C13) -> N/A | H13: =IF(F13=0,"N/A",(G13-F13)/F13) -> N/A
B14: Engaged Sessions per User | E14: =IF(C14=0,"N/A",(D14-C14)/C14) -> N/A | H14: =IF(F14=0,"N/A",(G14-F14)/F14) -> N/A
B15: Events Count | E15: =IF(C15=0,"N/A",(D15-C15)/C15) -> N/A | H15: =IF(F15=0,"N/A",(G15-F15)/F15) -> N/A
B16: Pages per Session | E16: =IF(C16=0,"N/A",(D16-C16)/C16) -> N/A | H16: =IF(F16=0,"N/A",(G16-F16)/F16) -> N/A
B17: Conversions
B18: Key Events (Conversions) | E18: =IF(C18=0,"N/A",(D18-C18)/C18) -> N/A | H18: =IF(F18=0,"N/A",(G18-F18)/F18) -> N/A
B19: User Conversion Rate | E19: =IF(C19=0,"N/A",(D19-C19)/C19) -> N/A | H19: =IF(F19=0,"N/A",(G19-F19)/F19) -> N/A
B20: Session Conversion Rate | E20: =IF(C20=0,"N/A",(D20-C20)/C20) -> N/A | H20: =IF(F20=0,"N/A",(G20-F20)/F20) -> N/A
A22: SECTION 2: TRAFFIC SOURCES (Sessions by Channel)
B23: Channel | C23: Full Year 2024 | D23: Full Year 2025 | E23: YoY Change % | F23: Jan 2025 | G23: Jan 2026 | H23: MoM Change %
B24: Direct | E24: =IF(C24=0,"N/A",(D24-C24)/C24) -> N/A | H24: =IF(F24=0,"N/A",(G24-F24)/F24) -> N/A
B25: Organic Search | E25: =IF(C25=0,"N/A",(D25-C25)/C25) -> N/A | H25: =IF(F25=0,"N/A",(G25-F25)/F25) -> N/A
B26: Paid Search | E26: =IF(C26=0,"N/A",(D26-C26)/C26) -> N/A | H26: =IF(F26=0,"N/A",(G26-F26)/F26) -> N/A
B27: Display | E27: =IF(C27=0,"N/A",(D27-C27)/C27) -> N/A | H27: =IF(F27=0,"N/A",(G27-F27)/F27) -> N/A
B28: Paid Video (OTT) | E28: =IF(C28=0,"N/A",(D28-C28)/C28) -> N/A | H28: =IF(F28=0,"N/A",(G28-F28)/F28) -> N/A
B29: Cross-network | E29: =IF(C29=0,"N/A",(D29-C29)/C29) -> N/A | H29: =IF(F29=0,"N/A",(G29-F29)/F29) -> N/A
B30: Social (Organic) | E30: =IF(C30=0,"N/A",(D30-C30)/C30) -> N/A | H30: =IF(F30=0,"N/A",(G30-F30)/F30) -> N/A
B31: Social (Paid) | E31: =IF(C31=0,"N/A",(D31-C31)/C31) -> N/A | H31: =IF(F31=0,"N/A",(G31-F31)/F31) -> N/A
B32: Referral | E32: =IF(C32=0,"N/A",(D32-C32)/C32) -> N/A | H32: =IF(F32=0,"N/A",(G32-F32)/F32) -> N/A
B33: Email | E33: =IF(C33=0,"N/A",(D33-C33)/C33) -> N/A | H33: =IF(F33=0,"N/A",(G33-F33)/F33) -> N/A
B34: Affiliates | E34: =IF(C34=0,"N/A",(D34-C34)/C34) -> N/A | H34: =IF(F34=0,"N/A",(G34-F34)/F34) -> N/A
B35: Audio | E35: =IF(C35=0,"N/A",(D35-C35)/C35) -> N/A | H35: =IF(F35=0,"N/A",(G35-F35)/F35) -> N/A
... B38: Other | E38: =IF(C38=0,"N/A",(D38-C38)/C38) -> N/A | H38: =IF(F38=0,"N/A",(G38-F38)/F38) -> N/A
B39: TOTAL SESSIONS | C39: =SUM(C24:C38) -> 0 | D39: =SUM(D24:D38) -> 0 | E39: =IF(C39=0,"N/A",(D39-C39)/C39) -> N/A | F39: =SUM(F24:F38) -> 0 | G39: =SUM(G24:G38) -> 0 | H39: =IF(F39=0,"N/A",(G39-F39)/F39) -> N/A
A41: SECTION 3: TOP REFERRAL SOURCES
B42: Referral Source | C42: FY 2024 Sessions | D42: FY 2025 Sessions | E42: YoY Change % | F42: Jan 2025 | G42: Jan 2026 | H42: MoM Change %
E43: =IF(C43=0,"N/A",(D43-C43)/C43) -> N/A | H43: =IF(F43=0,"N/A",(G43-F43)/F43) -> N/A
E44: =IF(C44=0,"N/A",(D44-C44)/C44) -> N/A | H44: =IF(F44=0,"N/A",(G44-F44)/F44) -> N/A
E45: =IF(C45=0,"N/A",(D45-C45)/C45) -> N/A | H45: =IF(F45=0,"N/A",(G45-F45)/F45) -> N/A
E46: =IF(C46=0,"N/A",(D46-C46)/C46) -> N/A | H46: =IF(F46=0,"N/A",(G46-F46)/F46) -> N/A
E47: =IF(C47=0,"N/A",(D47-C47)/C47) -> N/A | H47: =IF(F47=0,"N/A",(G47-F47)/F47) -> N/A
E48: =IF(C48=0,"N/A",(D48-C48)/C48) -> N/A | H48: =IF(F48=0,"N/A",(G48-F48)/F48) -> N/A
E49: =IF(C49=0,"N/A",(D49-C49)/C49) -> N/A | H49: =IF(F49=0,"N/A",(G49-F49)/F49) -> N/A
E50: =IF(C50=0,"N/A",(D50-C50)/C50) -> N/A | H50: =IF(F50=0,"N/A",(G50-F50)/F50) -> N/A
E51: =IF(C51=0,"N/A",(D51-C51)/C51) -> N/A | H51: =IF(F51=0,"N/A",(G51-F51)/F51) -> N/A
E52: =IF(C52=0,"N/A",(D52-C52)/C52) -> N/A | H52: =IF(F52=0,"N/A",(G52-F52)/F52) -> N/A
A54: NOTES & OBSERVATIONS
B55: Notable source/medium entries (e.g., dv360/display, thetradedesk/video):
B56: Broadcast TV campaign flight dates and markets:
B57: Display campaign notes (DSP, targeting, budget):
B58: OTT/CTV campaign notes (platform, targeting, budget):
B59: Other observations or anomalies:

Sheet Anytime PHC
A1: Anytime Plumbing, Heating & Cooling
A2: GA4 Account ID: 48850300
A4: SECTION 1: OVERVIEW METRICS
B5: Metric | C5: Full Year 2024 | D5: Full Year 2025 | E5: YoY Change % | F5: Jan 2025 | G5: Jan 2026 | H5: MoM Change %
B6: Traffic & Acquisition
B7: Total Users | E7: =IF(C7=0,"N/A",(D7-C7)/C7) -> N/A | H7: =IF(F7=0,"N/A",(G7-F7)/F7) -> N/A
B8: New Users | E8: =IF(C8=0,"N/A",(D8-C8)/C8) -> N/A | H8: =IF(F8=0,"N/A",(G8-F8)/F8) -> N/A
B9: Sessions | E9: =IF(C9=0,"N/A",(D9-C9)/C9) -> N/A | H9: =IF(F9=0,"N/A",(G9-F9)/F9) -> N/A
B10: Pageviews (Screen Views) | E10: =IF(C10=0,"N/A",(D10-C10)/C10) -> N/A | H10: =IF(F10=0,"N/A",(G10-F10)/F10) -> N/A
B11: Engagement
B12: Engagement Rate | E12: =IF(C12=0,"N/A",(D12-C12)/C12) -> N/A | H12: =IF(F12=0,"N/A",(G12-F12)/F12) -> N/A
B13: Avg. Session Duration (sec) | E13: =IF(C13=0,"N/A",(D13-C13)/C13) -> N/A | H13: =IF(F13=0,"N/A",(G13-F13)/F13) -> N/A
B14: Engaged Sessions per User | E14: =IF(C14=0,"N/A",(D14-C14)/C14) -> N/A | H14: =IF(F14=0,"N/A",(G14-F14)/F14) -> N/A
B15: Events Count | E15: =IF(C15=0,"N/A",(D15-C15)/C15) -> N/A | H15: =IF(F15=0,"N/A",(G15-F15)/F15) -> N/A
B16: Pages per Session | E16: =IF(C16=0,"N/A",(D16-C16)/C16) -> N/A | H16: =IF(F16=0,"N/A",(G16-F16)/F16) -> N/A
B17: Conversions
B18: Key Events (Conversions) | E18: =IF(C18=0,"N/A",(D18-C18)/C18) -> N/A | H18: =IF(F18=0,"N/A",(G18-F18)/F18) -> N/A
B19: User Conversion Rate | E19: =IF(C19=0,"N/A",(D19-C19)/C19) -> N/A | H19: =IF(F19=0,"N/A",(G19-F19)/F19) -> N/A
B20: Session Conversion Rate | E20: =IF(C20=0,"N/A",(D20-C20)/C20) -> N/A | H20: =IF(F20=0,"N/A",(G20-F20)/F20) -> N/A
A22: SECTION 2: TRAFFIC SOURCES (Sessions by Channel)
B23: Channel | C23: Full Year 2024 | D23: Full Year 2025 | E23: YoY Change % | F23: Jan 2025 | G23: Jan 2026 | H23: MoM Change %
B24: Direct | E24: =IF(C24=0,"N/A",(D24-C24)/C24) -> N/A | H24: =IF(F24=0,"N/A",(G24-F24)/F24) -> N/A
B25: Organic Search | E25: =IF(C25=0,"N/A",(D25-C25)/C25) -> N/A | H25: =IF(F25=0,"N/A",(G25-F25)/F25) -> N/A
B26: Paid Search | E26: =IF(C26=0,"N/A",(D26-C26)/C26) -> N/A | H26: =IF(F26=0,"N/A",(G26-F26)/F26) -> N/A
B27: Display | E27: =IF(C27=0,"N/A",(D27-C27)/C27) -> N/A | H27: =IF(F27=0,"N/A",(G27-F27)/F27) -> N/A
B28: Paid Video (OTT) | E28: =IF(C28=0,"N/A",(D28-C28)/C28) -> N/A | H28: =IF(F28=0,"N/A",(G28-F28)/F28) -> N/A
B29: Cross-network | E29: =IF(C29=0,"N/A",(D29-C29)/C29) -> N/A | H29: =IF(F29=0,"N/A",(G29-F29)/F29) -> N/A
B30: Social (Organic) | E30: =IF(C30=0,"N/A",(D30-C30)/C30) -> N/A | H30: =IF(F30=0,"N/A",(G30-F30)/F30) -> N/A
B31: Social (Paid) | E31: =IF(C31=0,"N/A",(D31-C31)/C31) -> N/A | H31: =IF(F31=0,"N/A",(G31-F31)/F31) -> N/A
B32: Referral | E32: =IF(C32=0,"N/A",(D32-C32)/C32) -> N/A | H32: =IF(F32=0,"N/A",(G32-F32)/F32) -> N/A
B33: Email | E33: =IF(C33=0,"N/A",(D33-C33)/C33) -> N/A | H33: =IF(F33=0,"N/A",(G33-F33)/F33) -> N/A
B34: Affiliates | E34: =IF(C34=0,"N/A",(D34-C34)/C34) -> N/A | H34: =IF(F34=0,"N/A",(G34-F34)/F34) -> N/A
B35: Audio | E35: =IF(C35=0,"N/A",(D35-C35)/C35) -> N/A | H35: =IF(F35=0,"N/A",(G35-F35)/F35) -> N/A
... B38: Other | E38: =IF(C38=0,"N/A",(D38-C38)/C38) -> N/A | H38: =IF(F38=0,"N/A",(G38-F38)/F38) -> N/A
B39: TOTAL SESSIONS | C39: =SUM(C24:C38) -> 0 | D39: =SUM(D24:D38) -> 0 | E39: =IF(C39=0,"N/A",(D39-C39)/C39) -> N/A | F39: =SUM(F24:F38) -> 0 | G39: =SUM(G24:G38) -> 0 | H39: =IF(F39=0,"N/A",(G39-F39)/F39) -> N/A
A41: SECTION 3: TOP REFERRAL SOURCES
B42: Referral Source | C42: FY 2024 Sessions | D42: FY 2025 Sessions | E42: YoY Change % | F42: Jan 2025 | G42: Jan 2026 | H42: MoM Change %
E43: =IF(C43=0,"N/A",(D43-C43)/C43) -> N/A | H43: =IF(F43=0,"N/A",(G43-F43)/F43) -> N/A
E44: =IF(C44=0,"N/A",(D44-C44)/C44) -> N/A | H44: =IF(F44=0,"N/A",(G44-F44)/F44) -> N/A
E45: =IF(C45=0,"N/A",(D45-C45)/C45) -> N/A | H45: =IF(F45=0,"N/A",(G45-F45)/F45) -> N/A
E46: =IF(C46=0,"N/A",(D46-C46)/C46) -> N/A | H46: =IF(F46=0,"N/A",(G46-F46)/F46) -> N/A
E47: =IF(C47=0,"N/A",(D47-C47)/C47) -> N/A | H47: =IF(F47=0,"N/A",(G47-F47)/F47) -> N/A
E48: =IF(C48=0,"N/A",(D48-C48)/C48) -> N/A | H48: =IF(F48=0,"N/A",(G48-F48)/F48) -> N/A
E49: =IF(C49=0,"N/A",(D49-C49)/C49) -> N/A | H49: =IF(F49=0,"N/A",(G49-F49)/F49) -> N/A
E50: =IF(C50=0,"N/A",(D50-C50)/C50) -> N/A | H50: =IF(F50=0,"N/A",(G50-F50)/F50) -> N/A
E51: =IF(C51=0,"N/A",(D51-C51)/C51) -> N/A | H51: =IF(F51=0,"N/A",(G51-F51)/F51) -> N/A
E52: =IF(C52=0,"N/A",(D52-C52)/C52) -> N/A | H52: =IF(F52=0,"N/A",(G52-F52)/F52) -> N/A
A54: NOTES & OBSERVATIONS
B55: Notable source/medium entries (e.g., dv360/display, thetradedesk/video):
B56: Broadcast TV campaign flight dates and markets:
B57: Display campaign notes (DSP, targeting, budget):
B58: OTT/CTV campaign notes (platform, targeting, budget):
B59: Other observations or anomalies:

Sheet Apollo Home
A1: Apollo Home
A2: GA4 Account ID: 11121287
A4: SECTION 1: OVERVIEW METRICS
B5: Metric | C5: Full Year 2024 | D5: Full Year 2025 | E5: YoY Change % | F5: Jan 2025 | G5: Jan 2026 | H5: MoM Change %
B6: Traffic & Acquisition
B7: Total Users | E7: =IF(C7=0,"N/A",(D7-C7)/C7) -> N/A | H7: =IF(F7=0,"N/A",(G7-F7)/F7) -> N/A
B8: New Users | E8: =IF(C8=0,"N/A",(D8-C8)/C8) -> N/A | H8: =IF(F8=0,"N/A",(G8-F8)/F8) -> N/A
B9: Sessions | E9: =IF(C9=0,"N/A",(D9-C9)/C9) -> N/A | H9: =IF(F9=0,"N/A",(G9-F9)/F9) -> N/A
B10: Pageviews (Screen Views) | E10: =IF(C10=0,"N/A",(D10-C10)/C10) -> N/A | H10: =IF(F10=0,"N/A",(G10-F10)/F10) -> N/A
B11: Engagement
B12: Engagement Rate | E12: =IF(C12=0,"N/A",(D12-C12)/C12) -> N/A | H12: =IF(F12=0,"N/A",(G12-F12)/F12) -> N/A
B13: Avg. Session Duration (sec) | E13: =IF(C13=0,"N/A",(D13-C13)/C13) -> N/A | H13: =IF(F13=0,"N/A",(G13-F13)/F13) -> N/A
B14: Engaged Sessions per User | E14: =IF(C14=0,"N/A",(D14-C14)/C14) -> N/A | H14: =IF(F14=0,"N/A",(G14-F14)/F14) -> N/A
B15: Events Count | E15: =IF(C15=0,"N/A",(D15-C15)/C15) -> N/A | H15: =IF(F15=0,"N/A",(G15-F15)/F15) -> N/A
B16: Pages per Session | E16: =IF(C16=0,"N/A",(D16-C16)/C16) -> N/A | H16: =IF(F16=0,"N/A",(G16-F16)/F16) -> N/A
B17: Conversions
B18: Key Events (Conversions) | E18: =IF(C18=0,"N/A",(D18-C18)/C18) -> N/A | H18: =IF(F18=0,"N/A",(G18-F18)/F18) -> N/A
B19: User Conversion Rate | E19: =IF(C19=0,"N/A",(D19-C19)/C19) -> N/A | H19: =IF(F19=0,"N/A",(G19-F19)/F19) -> N/A
B20: Session Conversion Rate | E20: =IF(C20=0,"N/A",(D20-C20)/C20) -> N/A | H20: =IF(F20=0,"N/A",(G20-F20)/F20) -> N/A
A22: SECTION 2: TRAFFIC SOURCES (Sessions by Channel)
B23: Channel | C23: Full Year 2024 | D23: Full Year 2025 | E23: YoY Change % | F23: Jan 2025 | G23: Jan 2026 | H23: MoM Change %
B24: Direct | E24: =IF(C24=0,"N/A",(D24-C24)/C24) -> N/A | H24: =IF(F24=0,"N/A",(G24-F24)/F24) -> N/A
B25: Organic Search | E25: =IF(C25=0,"N/A",(D25-C25)/C25) -> N/A | H25: =IF(F25=0,"N/A",(G25-F25)/F25) -> N/A
B26: Paid Search | E26: =IF(C26=0,"N/A",(D26-C26)/C26) -> N/A | H26: =IF(F26=0,"N/A",(G26-F26)/F26) -> N/A
B27: Display | E27: =IF(C27=0,"N/A",(D27-C27)/C27) -> N/A | H27: =IF(F27=0,"N/A",(G27-F27)/F27) -> N/A
B28: Paid Video (OTT) | E28: =IF(C28=0,"N/A",(D28-C28)/C28) -> N/A | H28: =IF(F28=0,"N/A",(G28-F28)/F28) -> N/A
B29: Cross-network | E29: =IF(C29=0,"N/A",(D29-C29)/C29) -> N/A | H29: =IF(F29=0,"N/A",(G29-F29)/F29) -> N/A
B30: Social (Organic) | E30: =IF(C30=0,"N/A",(D30-C30)/C30) -> N/A | H30: =IF(F30=0,"N/A",(G30-F30)/F30) -> N/A
B31: Social (Paid) | E31: =IF(C31=0,"N/A",(D31-C31)/C31) -> N/A | H31: =IF(F31=0,"N/A",(G31-F31)/F31) -> N/A
B32: Referral | E32: =IF(C32=0,"N/A",(D32-C32)/C32) -> N/A | H32: =IF(F32=0,"N/A",(G32-F32)/F32) -> N/A
B33: Email | E33: =IF(C33=0,"N/A",(D33-C33)/C33) -> N/A | H33: =IF(F33=0,"N/A",(G33-F33)/F33) -> N/A
B34: Affiliates | E34: =IF(C34=0,"N/A",(D34-C34)/C34) -> N/A | H34: =IF(F34=0,"N/A",(G34-F34)/F34) -> N/A
B35: Audio | E35: =IF(C35=0,"N/A",(D35-C35)/C35) -> N/A | H35: =IF(F35=0,"N/A",(G35-F35)/F35) -> N/A
... B38: Other | E38: =IF(C38=0,"N/A",(D38-C38)/C38) -> N/A | H38: =IF(F38=0,"N/A",(G38-F38)/F38) -> N/A
B39: TOTAL SESSIONS | C39: =SUM(C24:C38) -> 0 | D39: =SUM(D24:D38) -> 0 | E39: =IF(C39=0,"N/A",(D39-C39)/C39) -> N/A | F39: =SUM(F24:F38) -> 0 | G39: =SUM(G24:G38) -> 0 | H39: =IF(F39=0,"N/A",(G39-F39)/F39) -> N/A
A41: SECTION 3: TOP REFERRAL SOURCES
B42: Referral Source | C42: FY 2024 Sessions | D42: FY 2025 Sessions | E42: YoY Change % | F42: Jan 2025 | G42: Jan 2026 | H42: MoM Change %
E43: =IF(C43=0,"N/A",(D43-C43)/C43) -> N/A | H43: =IF(F43=0,"N/A",(G43-F43)/F43) -> N/A
E44: =IF(C44=0,"N/A",(D44-C44)/C44) -> N/A | H44: =IF(F44=0,"N/A",(G44-F44)/F44) -> N/A
E45: =IF(C45=0,"N/A",(D45-C45)/C45) -> N/A | H45: =IF(F45=0,"N/A",(G45-F45)/F45) -> N/A
E46: =IF(C46=0,"N/A",(D46-C46)/C46) -> N/A | H46: =IF(F46=0,"N/A",(G46-F46)/F46) -> N/A
E47: =IF(C47=0,"N/A",(D47-C47)/C47) -> N/A | H47: =IF(F47=0,"N/A",(G47-F47)/F47) -> N/A
E48: =IF(C48=0,"N/A",(D48-C48)/C48) -> N/A | H48: =IF(F48=0,"N/A",(G48-F48)/F48) -> N/A
E49: =IF(C49=0,"N/A",(D49-C49)/C49) -> N/A | H49: =IF(F49=0,"N/A",(G49-F49)/F49) -> N/A
E50: =IF(C50=0,"N/A",(D50-C50)/C50) -> N/A | H50: =IF(F50=0,"N/A",(G50-F50)/F50) -> N/A
E51: =IF(C51=0,"N/A",(D51-C51)/C51) -> N/A | H51: =IF(F51=0,"N/A",(G51-F51)/F51) -> N/A
E52: =IF(C52=0,"N/A",(D52-C52)/C52) -> N/A | H52: =IF(F52=0,"N/A",(G52-F52)/F52) -> N/A
A54: NOTES & OBSERVATIONS
B55: Notable source/medium entries (e.g., dv360/display, thetradedesk/video):
B56: Broadcast TV campaign flight dates and markets:
B57: Display campaign notes (DSP, targeting, budget):
B58: OTT/CTV campaign notes (platform, targeting, budget):
B59: Other observations or anomalies:

Sheet Arctic Air
A1: Arctic Air Conditioning
A2: GA4 Account ID: 12778303
A4: SECTION 1: OVERVIEW METRICS
B5: Metric | C5: Full Year 2024 | D5: Full Year 2025 | E5: YoY Change % | F5: Jan 2025 | G5: Jan 2026 | H5: MoM Change %
B6: Traffic & Acquisition
B7: Total Users | E7: =IF(C7=0,"N/A",(D7-C7)/C7) -> N/A | H7: =IF(F7=0,"N/A",(G7-F7)/F7) -> N/A
B8: New Users | E8: =IF(C8=0,"N/A",(D8-C8)/C8) -> N/A | H8: =IF(F8=0,"N/A",(G8-F8)/F8) -> N/A
B9: Sessions | E9: =IF(C9=0,"N/A",(D9-C9)/C9) -> N/A | H9: =IF(F9=0,"N/A",(G9-F9)/F9) -> N/A
B10: Pageviews (Screen Views) | E10: =IF(C10=0,"N/A",(D10-C10)/C10) -> N/A | H10: =IF(F10=0,"N/A",(G10-F10)/F10) -> N/A
B11: Engagement
B12: Engagement Rate | E12: =IF(C12=0,"N/A",(D12-C12)/C12) -> N/A | H12: =IF(F12=0,"N/A",(G12-F12)/F12) -> N/A
B13: Avg. Session Duration (sec) | E13: =IF(C13=0,"N/A",(D13-C13)/C13) -> N/A | H13: =IF(F13=0,"N/A",(G13-F13)/F13) -> N/A
B14: Engaged Sessions per User | E14: =IF(C14=0,"N/A",(D14-C14)/C14) -> N/A | H14: =IF(F14=0,"N/A",(G14-F14)/F14) -> N/A
B15: Events Count | E15: =IF(C15=0,"N/A",(D15-C15)/C15) -> N/A | H15: =IF(F15=0,"N/A",(G15-F15)/F15) -> N/A
B16: Pages per Session | E16: =IF(C16=0,"N/A",(D16-C16)/C16) -> N/A | H16: =IF(F16=0,"N/A",(G16-F16)/F16) -> N/A
B17: Conversions
B18: Key Events (Conversions) | E18: =IF(C18=0,"N/A",(D18-C18)/C18) -> N/A | H18: =IF(F18=0,"N/A",(G18-F18)/F18) -> N/A
B19: User Conversion Rate | E19: =IF(C19=0,"N/A",(D19-C19)/C19) -> N/A | H19: =IF(F19=0,"N/A",(G19-F19)/F19) -> N/A
B20: Session Conversion Rate | E20: =IF(C20=0,"N/A",(D20-C20)/C20) -> N/A | H20: =IF(F20=0,"N/A",(G20-F20)/F20) -> N/A
A22: SECTION 2: TRAFFIC SOURCES (Sessions by Channel)
B23: Channel | C23: Full Year 2024 | D23: Full Year 2025 | E23: YoY Change % | F23: Jan 2025 | G23: Jan 2026 | H23: MoM Change %
B24: Direct | E24: =IF(C24=0,"N/A",(D24-C24)/C24) -> N/A | H24: =IF(F24=0,"N/A",(G24-F24)/F24) -> N/A
B25: Organic Search | E25: =IF(C25=0,"N/A",(D25-C25)/C25) -> N/A | H25: =IF(F25=0,"N/A",(G25-F25)/F25) -> N/A
B26: Paid Search | E26: =IF(C26=0,"N/A",(D26-C26)/C26) -> N/A | H26: =IF(F26=0,"N/A",(G26-F26)/F26) -> N/A
B27: Display | E27: =IF(C27=0,"N/A",(D27-C27)/C27) -> N/A | H27: =IF(F27=0,"N/A",(G27-F27)/F27) -> N/A
B28: Paid Video (OTT) | E28: =IF(C28=0,"N/A",(D28-C28)/C28) -> N/A | H28: =IF(F28=0,"N/A",(G28-F28)/F28) -> N/A
B29: Cross-network | E29: =IF(C29=0,"N/A",(D29-C29)/C29) -> N/A | H29: =IF(F29=0,"N/A",(G29-F29)/F29) -> N/A
B30: Social (Organic) | E30: =IF(C30=0,"N/A",(D30-C30)/C30) -> N/A | H30: =IF(F30=0,"N/A",(G30-F30)/F30) -> N/A
B31: Social (Paid) | E31: =IF(C31=0,"N/A",(D31-C31)/C31) -> N/A | H31: =IF(F31=0,"N/A",(G31-F31)/F31) -> N/A
B32: Referral | E32: =IF(C32=0,"N/A",(D32-C32)/C32) -> N/A | H32: =IF(F32=0,"N/A",(G32-F32)/F32) -> N/A
B33: Email | E33: =IF(C33=0,"N/A",(D33-C33)/C33) -> N/A | H33: =IF(F33=0,"N/A",(G33-F33)/F33) -> N/A
B34: Affiliates | E34: =IF(C34=0,"N/A",(D34-C34)/C34) -> N/A | H34: =IF(F34=0,"N/A",(G34-F34)/F34) -> N/A
B35: Audio | E35: =IF(C35=0,"N/A",(D35-C35)/C35) -> N/A | H35: =IF(F35=0,"N/A",(G35-F35)/F35) -> N/A
... B38: Other | E38: =IF(C38=0,"N/A",(D38-C38)/C38) -> N/A | H38: =IF(F38=0,"N/A",(G38-F38)/F38) -> N/A
B39: TOTAL SESSIONS | C39: =SUM(C24:C38) -> 0 | D39: =SUM(D24:D38) -> 0 | E39: =IF(C39=0,"N/A",(D39-C39)/C39) -> N/A | F39: =SUM(F24:F38) -> 0 | G39: =SUM(G24:G38) -> 0 | H39: =IF(F39=0,"N/A",(G39-F39)/F39) -> N/A
A41: SECTION 3: TOP REFERRAL SOURCES
B42: Referral Source | C42: FY 2024 Sessions | D42: FY 2025 Sessions | E42: YoY Change % | F42: Jan 2025 | G42: Jan 2026 | H42: MoM Change %
E43: =IF(C43=0,"N/A",(D43-C43)/C43) -> N/A | H43: =IF(F43=0,"N/A",(G43-F43)/F43) -> N/A
E44: =IF(C44=0,"N/A",(D44-C44)/C44) -> N/A | H44: =IF(F44=0,"N/A",(G44-F44)/F44) -> N/A
E45: =IF(C45=0,"N/A",(D45-C45)/C45) -> N/A | H45: =IF(F45=0,"N/A",(G45-F45)/F45) -> N/A
E46: =IF(C46=0,"N/A",(D46-C46)/C46) -> N/A | H46: =IF(F46=0,"N/A",(G46-F46)/F46) -> N/A
E47: =IF(C47=0,"N/A",(D47-C47)/C47) -> N/A | H47: =IF(F47=0,"N/A",(G47-F47)/F47) -> N/A
E48: =IF(C48=0,"N/A",(D48-C48)/C48) -> N/A | H48: =IF(F48=0,"N/A",(G48-F48)/F48) -> N/A
E49: =IF(C49=0,"N/A",(D49-C49)/C49) -> N/A | H49: =IF(F49=0,"N/A",(G49-F49)/F49) -> N/A
E50: =IF(C50=0,"N/A",(D50-C50)/C50) -> N/A | H50: =IF(F50=0,"N/A",(G50-F50)/F50) -> N/A
E51: =IF(C51=0,"N/A",(D51-C51)/C51) -> N/A | H51: =IF(F51=0,"N/A",(G51-F51)/F51) -> N/A
E52: =IF(C52=0,"N/A",(D52-C52)/C52) -> N/A | H52: =IF(F52=0,"N/A",(G52-F52)/F52) -> N/A
A54: NOTES & OBSERVATIONS
B55: Notable source/medium entries (e.g., dv360/display, thetradedesk/video):
B56: Broadcast TV campaign flight dates and markets:
B57: Display campaign notes (DSP, targeting, budget):
B58: OTT/CTV campaign notes (platform, targeting, budget):
B59: Other observations or anomalies:

Sheet Aztec Plumbing
A1: Aztec Plumbing
A2: GA4 Account ID: —
A4: SECTION 1: OVERVIEW METRICS
B5: Metric | C5: Full Year 2024 | D5: Full Year 2025 | E5: YoY Change % | F5: Jan 2025 | G5: Jan 2026 | H5: MoM Change %
B6: Traffic & Acquisition
B7: Total Users | E7: =IF(C7=0,"N/A",(D7-C7)/C7) -> N/A | H7: =IF(F7=0,"N/A",(G7-F7)/F7) -> N/A
B8: New Users | E8: =IF(C8=0,"N/A",(D8-C8)/C8) -> N/A | H8: =IF(F8=0,"N/A",(G8-F8)/F8) -> N/A
B9: Sessions | E9: =IF(C9=0,"N/A",(D9-C9)/C9) -> N/A | H9: =IF(F9=0,"N/A",(G9-F9)/F9) -> N/A
B10: Pageviews (Screen Views) | E10: =IF(C10=0,"N/A",(D10-C10)/C10) -> N/A | H10: =IF(F10=0,"N/A",(G10-F10)/F10) -> N/A
B11: Engagement
B12: Engagement Rate | E12: =IF(C12=0,"N/A",(D12-C12)/C12) -> N/A | H12: =IF(F12=0,"N/A",(G12-F12)/F12) -> N/A
B13: Avg. Session Duration (sec) | E13: =IF(C13=0,"N/A",(D13-C13)/C13) -> N/A | H13: =IF(F13=0,"N/A",(G13-F13)/F13) -> N/A
B14: Engaged Sessions per User | E14: =IF(C14=0,"N/A",(D14-C14)/C14) -> N/A | H14: =IF(F14=0,"N/A",(G14-F14)/F14) -> N/A
B15: Events Count | E15: =IF(C15=0,"N/A",(D15-C15)/C15) -> N/A | H15: =IF(F15=0,"N/A",(G15-F15)/F15) -> N/A
B16: Pages per Session | E16: =IF(C16=0,"N/A",(D16-C16)/C16) -> N/A | H16: =IF(F16=0,"N/A",(G16-F16)/F16) -> N/A
B17: Conversions
B18: Key Events (Conversions) | E18: =IF(C18=0,"N/A",(D18-C18)/C18) -> N/A | H18: =IF(F18=0,"N/A",(G18-F18)/F18) -> N/A
B19: User Conversion Rate | E19: =IF(C19=0,"N/A",(D19-C19)/C19) -> N/A | H19: =IF(F19=0,"N/A",(G19-F19)/F19) -> N/A
B20: Session Conversion Rate | E20: =IF(C20=0,"N/A",(D20-C20)/C20) -> N/A | H20: =IF(F20=0,"N/A",(G20-F20)/F20) -> N/A
A22: SECTION 2: TRAFFIC SOURCES (Sessions by Channel)
B23: Channel | C23: Full Year 2024 | D23: Full Year 2025 | E23: YoY Change % | F23: Jan 2025 | G23: Jan 2026 | H23: MoM Change %
B24: Direct | E24: =IF(C24=0,"N/A",(D24-C24)/C24) -> N/A | H24: =IF(F24=0,"N/A",(G24-F24)/F24) -> N/A
B25: Organic Search | E25: =IF(C25=0,"N/A",(D25-C25)/C25) -> N/A | H25: =IF(F25=0,"N/A",(G25-F25)/F25) -> N/A
B26: Paid Search | E26: =IF(C26=0,"N/A",(D26-C26)/C26) -> N/A | H26: =IF(F26=0,"N/A",(G26-F26)/F26) -> N/A
B27: Display | E27: =IF(C27=0,"N/A",(D27-C27)/C27) -> N/A | H27: =IF(F27=0,"N/A",(G27-F27)/F27) -> N/A
B28: Paid Video (OTT) | E28: =IF(C28=0,"N/A",(D28-C28)/C28) -> N/A | H28: =IF(F28=0,"N/A",(G28-F28)/F28) -> N/A
B29: Cross-network | E29: =IF(C29=0,"N/A",(D29-C29)/C29) -> N/A | H29: =IF(F29=0,"N/A",(G29-F29)/F29) -> N/A
B30: Social (Organic) | E30: =IF(C30=0,"N/A",(D30-C30)/C30) -> N/A | H30: =IF(F30=0,"N/A",(G30-F30)/F30) -> N/A
B31: Social (Paid) | E31: =IF(C31=0,"N/A",(D31-C31)/C31) -> N/A | H31: =IF(F31=0,"N/A",(G31-F31)/F31) -> N/A
B32: Referral | E32: =IF(C32=0,"N/A",(D32-C32)/C32) -> N/A | H32: =IF(F32=0,"N/A",(G32-F32)/F32) -> N/A
B33: Email | E33: =IF(C33=0,"N/A",(D33-C33)/C33) -> N/A | H33: =IF(F33=0,"N/A",(G33-F33)/F33) -> N/A
B34: Affiliates | E34: =IF(C34=0,"N/A",(D34-C34)/C34) -> N/A | H34: =IF(F34=0,"N/A",(G34-F34)/F34) -> N/A
B35: Audio | E35: =IF(C35=0,"N/A",(D35-C35)/C35) -> N/A | H35: =IF(F35=0,"N/A",(G35-F35)/F35) -> N/A
... B38: Other | E38: =IF(C38=0,"N/A",(D38-C38)/C38) -> N/A | H38: =IF(F38=0,"N/A",(G38-F38)/F38) -> N/A
B39: TOTAL SESSIONS | C39: =SUM(C24:C38) -> 0 | D39: =SUM(D24:D38) -> 0 | E39: =IF(C39=0,"N/A",(D39-C39)/C39) -> N/A | F39: =SUM(F24:F38) -> 0 | G39: =SUM(G24:G38) -> 0 | H39: =IF(F39=0,"N/A",(G39-F39)/F39) -> N/A
A41: SECTION 3: TOP REFERRAL SOURCES
B42: Referral Source | C42: FY 2024 Sessions | D42: FY 2025 Sessions | E42: YoY Change % | F42: Jan 2025 | G42: Jan 2026 | H42: MoM Change %
E43: =IF(C43=0,"N/A",(D43-C43)/C43) -> N/A | H43: =IF(F43=0,"N/A",(G43-F43)/F43) -> N/A
E44: =IF(C44=0,"N/A",(D44-C44)/C44) -> N/A | H44: =IF(F44=0,"N/A",(G44-F44)/F44) -> N/A
E45: =IF(C45=0,"N/A",(D45-C45)/C45) -> N/A | H45: =IF(F45=0,"N/A",(G45-F45)/F45) -> N/A
E46: =IF(C46=0,"N/A",(D46-C46)/C46) -> N/A | H46: =IF(F46=0,"N/A",(G46-F46)/F46) -> N/A
E47: =IF(C47=0,"N/A",(D47-C47)/C47) -> N/A | H47: =IF(F47=0,"N/A",(G47-F47)/F47) -> N/A
E48: =IF(C48=0,"N/A",(D48-C48)/C48) -> N/A | H48: =IF(F48=0,"N/A",(G48-F48)/F48) -> N/A
E49: =IF(C49=0,"N/A",(D49-C49)/C49) -> N/A | H49: =IF(F49=0,"N/A",(G49-F49)/F49) -> N/A
E50: =IF(C50=0,"N/A",(D50-C50)/C50) -> N/A | H50: =IF(F50=0,"N/A",(G50-F50)/F50) -> N/A
E51: =IF(C51=0,"N/A",(D51-C51)/C51) -> N/A | H51: =IF(F51=0,"N/A",(G51-F51)/F51) -> N/A
E52: =IF(C52=0,"N/A",(D52-C52)/C52) -> N/A | H52: =IF(F52=0,"N/A",(G52-F52)/F52) -> N/A
A54: NOTES & OBSERVATIONS
B55: Notable source/medium entries (e.g., dv360/display, thetradedesk/video):
B56: Broadcast TV campaign flight dates and markets:
B57: Display campaign notes (DSP, targeting, budget):
B58: OTT/CTV campaign notes (platform, targeting, budget):
B59: Other observations or anomalies:

Sheet Bell Brothers
A1: Bell Brothers
A2: GA4 Account ID: 262504860
A4: SECTION 1: OVERVIEW METRICS
B5: Metric | C5: Full Year 2024 | D5: Full Year 2025 | E5: YoY Change % | F5: Jan 2025 | G5: Jan 2026 | H5: MoM Change %
B6: Traffic & Acquisition
B7: Total Users | E7: =IF(C7=0,"N/A",(D7-C7)/C7) -> N/A | H7: =IF(F7=0,"N/A",(G7-F7)/F7) -> N/A
B8: New Users | E8: =IF(C8=0,"N/A",(D8-C8)/C8) -> N/A | H8: =IF(F8=0,"N/A",(G8-F8)/F8) -> N/A
B9: Sessions | E9: =IF(C9=0,"N/A",(D9-C9)/C9) -> N/A | H9: =IF(F9=0,"N/A",(G9-F9)/F9) -> N/A
B10: Pageviews (Screen Views) | E10: =IF(C10=0,"N/A",(D10-C10)/C10) -> N/A | H10: =IF(F10=0,"N/A",(G10-F10)/F10) -> N/A
B11: Engagement
B12: Engagement Rate | E12: =IF(C12=0,"N/A",(D12-C12)/C12) -> N/A | H12: =IF(F12=0,"N/A",(G12-F12)/F12) -> N/A
B13: Avg. Session Duration (sec) | E13: =IF(C13=0,"N/A",(D13-C13)/C13) -> N/A | H13: =IF(F13=0,"N/A",(G13-F13)/F13) -> N/A
B14: Engaged Sessions per User | E14: =IF(C14=0,"N/A",(D14-C14)/C14) -> N/A | H14: =IF(F14=0,"N/A",(G14-F14)/F14) -> N/A
B15: Events Count | E15: =IF(C15=0,"N/A",(D15-C15)/C15) -> N/A | H15: =IF(F15=0,"N/A",(G15-F15)/F15) -> N/A
B16: Pages per Session | E16: =IF(C16=0,"N/A",(D16-C16)/C16) -> N/A | H16: =IF(F16=0,"N/A",(G16-F16)/F16) -> N/A
B17: Conversions
B18: Key Events (Conversions) | E18: =IF(C18=0,"N/A",(D18-C18)/C18) -> N/A | H18: =IF(F18=0,"N/A",(G18-F18)/F18) -> N/A
B19: User Conversion Rate | E19: =IF(C19=0,"N/A",(D19-C19)/C19) -> N/A | H19: =IF(F19=0,"N/A",(G19-F19)/F19) -> N/A
B20: Session Conversion Rate | E20: =IF(C20=0,"N/A",(D20-C20)/C20) -> N/A | H20: =IF(F20=0,"N/A",(G20-F20)/F20) -> N/A
A22: SECTION 2: TRAFFIC SOURCES (Sessions by Channel)
B23: Channel | C23: Full Year 2024 | D23: Full Year 2025 | E23: YoY Change % | F23: Jan 2025 | G23: Jan 2026 | H23: MoM Change %
B24: Direct | E24: =IF(C24=0,"N/A",(D24-C24)/C24) -> N/A | H24: =IF(F24=0,"N/A",(G24-F24)/F24) -> N/A
B25: Organic Search | E25: =IF(C25=0,"N/A",(D25-C25)/C25) -> N/A | H25: =IF(F25=0,"N/A",(G25-F25)/F25) -> N/A
B26: Paid Search | E26: =IF(C26=0,"N/A",(D26-C26)/C26) -> N/A | H26: =IF(F26=0,"N/A",(G26-F26)/F26) -> N/A
B27: Display | E27: =IF(C27=0,"N/A",(D27-C27)/C27) -> N/A | H27: =IF(F27=0,"N/A",(G27-F27)/F27) -> N/A
B28: Paid Video (OTT) | E28: =IF(C28=0,"N/A",(D28-C28)/C28) -> N/A | H28: =IF(F28=0,"N/A",(G28-F28)/F28) -> N/A
B29: Cross-network | E29: =IF(C29=0,"N/A",(D29-C29)/C29) -> N/A | H29: =IF(F29=0,"N/A",(G29-F29)/F29) -> N/A
B30: Social (Organic) | E30: =IF(C30=0,"N/A",(D30-C30)/C30) -> N/A | H30: =IF(F30=0,"N/A",(G30-F30)/F30) -> N/A
B31: Social (Paid) | E31: =IF(C31=0,"N/A",(D31-C31)/C31) -> N/A | H31: =IF(F31=0,"N/A",(G31-F31)/F31) -> N/A
B32: Referral | E32: =IF(C32=0,"N/A",(D32-C32)/C32) -> N/A | H32: =IF(F32=0,"N/A",(G32-F32)/F32) -> N/A
B33: Email | E33: =IF(C33=0,"N/A",(D33-C33)/C33) -> N/A | H33: =IF(F33=0,"N/A",(G33-F33)/F33) -> N/A
B34: Affiliates | E34: =IF(C34=0,"N/A",(D34-C34)/C34) -> N/A | H34: =IF(F34=0,"N/A",(G34-F34)/F34) -> N/A
B35: Audio | E35: =IF(C35=0,"N/A",(D35-C35)/C35) -> N/A | H35: =IF(F35=0,"N/A",(G35-F35)/F35) -> N/A
... B38: Other | E38: =IF(C38=0,"N/A",(D38-C38)/C38) -> N/A | H38: =IF(F38=0,"N/A",(G38-F38)/F38) -> N/A
B39: TOTAL SESSIONS | C39: =SUM(C24:C38) -> 0 | D39: =SUM(D24:D38) -> 0 | E39: =IF(C39=0,"N/A",(D39-C39)/C39) -> N/A | F39: =SUM(F24:F38) -> 0 | G39: =SUM(G24:G38) -> 0 | H39: =IF(F39=0,"N/A",(G39-F39)/F39) -> N/A
A41: SECTION 3: TOP REFERRAL SOURCES
B42: Referral Source | C42: FY 2024 Sessions | D42: FY 2025 Sessions | E42: YoY Change % | F42: Jan 2025 | G42: Jan 2026 | H42: MoM Change %
E43: =IF(C43=0,"N/A",(D43-C43)/C43) -> N/A | H43: =IF(F43=0,"N/A",(G43-F43)/F43) -> N/A
E44: =IF(C44=0,"N/A",(D44-C44)/C44) -> N/A | H44: =IF(F44=0,"N/A",(G44-F44)/F44) -> N/A
E45: =IF(C45=0,"N/A",(D45-C45)/C45) -> N/A | H45: =IF(F45=0,"N/A",(G45-F45)/F45) -> N/A
E46: =IF(C46=0,"N/A",(D46-C46)/C46) -> N/A | H46: =IF(F46=0,"N/A",(G46-F46)/F46) -> N/A
E47: =IF(C47=0,"N/A",(D47-C47)/C47) -> N/A | H47: =IF(F47=0,"N/A",(G47-F47)/F47) -> N/A
E48: =IF(C48=0,"N/A",(D48-C48)/C48) -> N/A | H48: =IF(F48=0,"N/A",(G48-F48)/F48) -> N/A
E49: =IF(C49=0,"N/A",(D49-C49)/C49) -> N/A | H49: =IF(F49=0,"N/A",(G49-F49)/F49) -> N/A
E50: =IF(C50=0,"N/A",(D50-C50)/C50) -> N/A | H50: =IF(F50=0,"N/A",(G50-F50)/F50) -> N/A
E51: =IF(C51=0,"N/A",(D51-C51)/C51) -> N/A | H51: =IF(F51=0,"N/A",(G51-F51)/F51) -> N/A
E52: =IF(C52=0,"N/A",(D52-C52)/C52) -> N/A | H52: =IF(F52=0,"N/A",(G52-F52)/F52) -> N/A
A54: NOTES & OBSERVATIONS
B55: Notable source/medium entries (e.g., dv360/display, thetradedesk/video):
B56: Broadcast TV campaign flight dates and markets:
B57: Display campaign notes (DSP, targeting, budget):
B58: OTT/CTV campaign notes (platform, targeting, budget):
B59: Other observations or anomalies:

Sheet Black Hills
A1: Black Hills Inc
A2: GA4 Account ID: 26334622
A4: SECTION 1: OVERVIEW METRICS
B5: Metric | C5: Full Year 2024 | D5: Full Year 2025 | E5: YoY Change % | F5: Jan 2025 | G5: Jan 2026 | H5: MoM Change %
B6: Traffic & Acquisition
B7: Total Users | E7: =IF(C7=0,"N/A",(D7-C7)/C7) -> N/A | H7: =IF(F7=0,"N/A",(G7-F7)/F7) -> N/A
B8: New Users | E8: =IF(C8=0,"N/A",(D8-C8)/C8) -> N/A | H8: =IF(F8=0,"N/A",(G8-F8)/F8) -> N/A
B9: Sessions | E9: =IF(C9=0,"N/A",(D9-C9)/C9) -> N/A | H9: =IF(F9=0,"N/A",(G9-F9)/F9) -> N/A
B10: Pageviews (Screen Views) | E10: =IF(C10=0,"N/A",(D10-C10)/C10) -> N/A | H10: =IF(F10=0,"N/A",(G10-F10)/F10) -> N/A
B11: Engagement
B12: Engagement Rate | E12: =IF(C12=0,"N/A",(D12-C12)/C12) -> N/A | H12: =IF(F12=0,"N/A",(G12-F12)/F12) -> N/A
B13: Avg. Session Duration (sec) | E13: =IF(C13=0,"N/A",(D13-C13)/C13) -> N/A | H13: =IF(F13=0,"N/A",(G13-F13)/F13) -> N/A
B14: Engaged Sessions per User | E14: =IF(C14=0,"N/A",(D14-C14)/C14) -> N/A | H14: =IF(F14=0,"N/A",(G14-F14)/F14) -> N/A
B15: Events Count | E15: =IF(C15=0,"N/A",(D15-C15)/C15) -> N/A | H15: =IF(F15=0,"N/A",(G15-F15)/F15) -> N/A
B16: Pages per Session | E16: =IF(C16=0,"N/A",(D16-C16)/C16) -> N/A | H16: =IF(F16=0,"N/A",(G16-F16)/F16) -> N/A
B17: Conversions
B18: Key Events (Conversions) | E18: =IF(C18=0,"N/A",(D18-C18)/C18) -> N/A | H18: =IF(F18=0,"N/A",(G18-F18)/F18) -> N/A
B19: User Conversion Rate | E19: =IF(C19=0,"N/A",(D19-C19)/C19) -> N/A | H19: =IF(F19=0,"N/A",(G19-F19)/F19) -> N/A
B20: Session Conversion Rate | E20: =IF(C20=0,"N/A",(D20-C20)/C20) -> N/A | H20: =IF(F20=0,"N/A",(G20-F20)/F20) -> N/A
A22: SECTION 2: TRAFFIC SOURCES (Sessions by Channel)
B23: Channel | C23: Full Year 2024 | D23: Full Year 2025 | E23: YoY Change % | F23: Jan 2025 | G23: Jan 2026 | H23: MoM Change %
B24: Direct | E24: =IF(C24=0,"N/A",(D24-C24)/C24) -> N/A | H24: =IF(F24=0,"N/A",(G24-F24)/F24) -> N/A
B25: Organic Search | E25: =IF(C25=0,"N/A",(D25-C25)/C25) -> N/A | H25: =IF(F25=0,"N/A",(G25-F25)/F25) -> N/A
B26: Paid Search | E26: =IF(C26=0,"N/A",(D26-C26)/C26) -> N/A | H26: =IF(F26=0,"N/A",(G26-F26)/F26) -> N/A
B27: Display | E27: =IF(C27=0,"N/A",(D27-C27)/C27) -> N/A | H27: =IF(F27=0,"N/A",(G27-F27)/F27) -> N/A
B28: Paid Video (OTT) | E28: =IF(C28=0,"N/A",(D28-C28)/C28) -> N/A | H28: =IF(F28=0,"N/A",(G28-F28)/F28) -> N/A
B29: Cross-network | E29: =IF(C29=0,"N/A",(D29-C29)/C29) -> N/A | H29: =IF(F29=0,"N/A",(G29-F29)/F29) -> N/A
B30: Social (Organic) | E30: =IF(C30=0,"N/A",(D30-C30)/C30) -> N/A | H30: =IF(F30=0,"N/A",(G30-F30)/F30) -> N/A
B31: Social (Paid) | E31: =IF(C31=0,"N/A",(D31-C31)/C31) -> N/A | H31: =IF(F31=0,"N/A",(G31-F31)/F31) -> N/A
B32: Referral | E32: =IF(C32=0,"N/A",(D32-C32)/C32) -> N/A | H32: =IF(F32=0,"N/A",(G32-F32)/F32) -> N/A
B33: Email | E33: =IF(C33=0,"N/A",(D33-C33)/C33) -> N/A | H33: =IF(F33=0,"N/A",(G33-F33)/F33) -> N/A
B34: Affiliates | E34: =IF(C34=0,"N/A",(D34-C34)/C34) -> N/A | H34: =IF(F34=0,"N/A",(G34-F34)/F34) -> N/A
B35: Audio | E35: =IF(C35=0,"N/A",(D35-C35)/C35) -> N/A | H35: =IF(F35=0,"N/A",(G35-F35)/F35) -> N/A
... B38: Other | E38: =IF(C38=0,"N/A",(D38-C38)/C38) -> N/A | H38: =IF(F38=0,"N/A",(G38-F38)/F38) -> N/A
B39: TOTAL SESSIONS | C39: =SUM(C24:C38) -> 0 | D39: =SUM(D24:D38) -> 0 | E39: =IF(C39=0,"N/A",(D39-C39)/C39) -> N/A | F39: =SUM(F24:F38) -> 0 | G39: =SUM(G24:G38) -> 0 | H39: =IF(F39=0,"N/A",(G39-F39)/F39) -> N/A
A41: SECTION 3: TOP REFERRAL SOURCES
B42: Referral Source | C42: FY 2024 Sessions | D42: FY 2025 Sessions | E42: YoY Change % | F42: Jan 2025 | G42: Jan 2026 | H42: MoM Change %
E43: =IF(C43=0,"N/A",(D43-C43)/C43) -> N/A | H43: =IF(F43=0,"N/A",(G43-F43)/F43) -> N/A
E44: =IF(C44=0,"N/A",(D44-C44)/C44) -> N/A | H44: =IF(F44=0,"N/A",(G44-F44)/F44) -> N/A
E45: =IF(C45=0,"N/A",(D45-C45)/C45) -> N/A | H45: =IF(F45=0,"N/A",(G45-F45)/F45) -> N/A
E46: =IF(C46=0,"N/A",(D46-C46)/C46) -> N/A | H46: =IF(F46=0,"N/A",(G46-F46)/F46) -> N/A
E47: =IF(C47=0,"N/A",(D47-C47)/C47) -> N/A | H47: =IF(F47=0,"N/A",(G47-F47)/F47) -> N/A
E48: =IF(C48=0,"N/A",(D48-C48)/C48) -> N/A | H48: =IF(F48=0,"N/A",(G48-F48)/F48) -> N/A
E49: =IF(C49=0,"N/A",(D49-C49)/C49) -> N/A | H49: =IF(F49=0,"N/A",(G49-F49)/F49) -> N/A
E50: =IF(C50=0,"N/A",(D50-C50)/C50) -> N/A | H50: =IF(F50=0,"N/A",(G50-F50)/F50) -> N/A
E51: =IF(C51=0,"N/A",(D51-C51)/C51) -> N/A | H51: =IF(F51=0,"N/A",(G51-F51)/F51) -> N/A
E52: =IF(C52=0,"N/A",(D52-C52)/C52) -> N/A | H52: =IF(F52=0,"N/A",(G52-F52)/F52) -> N/A
A54: NOTES & OBSERVATIONS
B55: Notable source/medium entries (e.g., dv360/display, thetradedesk/video):
B56: Broadcast TV campaign flight dates and markets:
B57: Display campaign notes (DSP, targeting, budget):
B58: OTT/CTV campaign notes (platform, targeting, budget):
B59: Other observations or anomalies:

Sheet Campbell & Co
A1: Campbell and Company
A2: GA4 Account ID: 79041634
A4: SECTION 1: OVERVIEW METRICS
B5: Metric | C5: Full Year 2024 | D5: Full Year 2025 | E5: YoY Change % | F5: Jan 2025 | G5: Jan 2026 | H5: MoM Change %
B6: Traffic & Acquisition
B7: Total Users | E7: =IF(C7=0,"N/A",(D7-C7)/C7) -> N/A | H7: =IF(F7=0,"N/A",(G7-F7)/F7) -> N/A
B8: New Users | E8: =IF(C8=0,"N/A",(D8-C8)/C8) -> N/A | H8: =IF(F8=0,"N/A",(G8-F8)/F8) -> N/A
B9: Sessions | E9: =IF(C9=0,"N/A",(D9-C9)/C9) -> N/A | H9: =IF(F9=0,"N/A",(G9-F9)/F9) -> N/A
B10: Pageviews (Screen Views) | E10: =IF(C10=0,"N/A",(D10-C10)/C10) -> N/A | H10: =IF(F10=0,"N/A",(G10-F10)/F10) -> N/A
B11: Engagement
B12: Engagement Rate | E12: =IF(C12=0,"N/A",(D12-C12)/C12) -> N/A | H12: =IF(F12=0,"N/A",(G12-F12)/F12) -> N/A
B13: Avg. Session Duration (sec) | E13: =IF(C13=0,"N/A",(D13-C13)/C13) -> N/A | H13: =IF(F13=0,"N/A",(G13-F13)/F13) -> N/A
B14: Engaged Sessions per User | E14: =IF(C14=0,"N/A",(D14-C14)/C14) -> N/A | H14: =IF(F14=0,"N/A",(G14-F14)/F14) -> N/A
B15: Events Count | E15: =IF(C15=0,"N/A",(D15-C15)/C15) -> N/A | H15: =IF(F15=0,"N/A",(G15-F15)/F15) -> N/A
B16: Pages per Session | E16: =IF(C16=0,"N/A",(D16-C16)/C16) -> N/A | H16: =IF(F16=0,"N/A",(G16-F16)/F16) -> N/A
B17: Conversions
B18: Key Events (Conversions) | E18: =IF(C18=0,"N/A",(D18-C18)/C18) -> N/A | H18: =IF(F18=0,"N/A",(G18-F18)/F18) -> N/A
B19: User Conversion Rate | E19: =IF(C19=0,"N/A",(D19-C19)/C19) -> N/A | H19: =IF(F19=0,"N/A",(G19-F19)/F19) -> N/A
B20: Session Conversion Rate | E20: =IF(C20=0,"N/A",(D20-C20)/C20) -> N/A | H20: =IF(F20=0,"N/A",(G20-F20)/F20) -> N/A
A22: SECTION 2: TRAFFIC SOURCES (Sessions by Channel)
B23: Channel | C23: Full Year 2024 | D23: Full Year 2025 | E23: YoY Change % | F23: Jan 2025 | G23: Jan 2026 | H23: MoM Change %
B24: Direct | E24: =IF(C24=0,"N/A",(D24-C24)/C24) -> N/A | H24: =IF(F24=0,"N/A",(G24-F24)/F24) -> N/A
B25: Organic Search | E25: =IF(C25=0,"N/A",(D25-C25)/C25) -> N/A | H25: =IF(F25=0,"N/A",(G25-F25)/F25) -> N/A
B26: Paid Search | E26: =IF(C26=0,"N/A",(D26-C26)/C26) -> N/A | H26: =IF(F26=0,"N/A",(G26-F26)/F26) -> N/A
B27: Display | E27: =IF(C27=0,"N/A",(D27-C27)/C27) -> N/A | H27: =IF(F27=0,"N/A",(G27-F27)/F27) -> N/A
B28: Paid Video (OTT) | E28: =IF(C28=0,"N/A",(D28-C28)/C28) -> N/A | H28: =IF(F28=0,"N/A",(G28-F28)/F28) -> N/A
B29: Cross-network | E29: =IF(C29=0,"N/A",(D29-C29)/C29) -> N/A | H29: =IF(F29=0,"N/A",(G29-F29)/F29) -> N/A
B30: Social (Organic) | E30: =IF(C30=0,"N/A",(D30-C30)/C30) -> N/A | H30: =IF(F30=0,"N/A",(G30-F30)/F30) -> N/A
B31: Social (Paid) | E31: =IF(C31=0,"N/A",(D31-C31)/C31) -> N/A | H31: =IF(F31=0,"N/A",(G31-F31)/F31) -> N/A
B32: Referral | E32: =IF(C32=0,"N/A",(D32-C32)/C32) -> N/A | H32: =IF(F32=0,"N/A",(G32-F32)/F32) -> N/A
B33: Email | E33: =IF(C33=0,"N/A",(D33-C33)/C33) -> N/A | H33: =IF(F33=0,"N/A",(G33-F33)/F33) -> N/A
B34: Affiliates | E34: =IF(C34=0,"N/A",(D34-C34)/C34) -> N/A | H34: =IF(F34=0,"N/A",(G34-F34)/F34) -> N/A
B35: Audio | E35: =IF(C35=0,"N/A",(D35-C35)/C35) -> N/A | H35: =IF(F35=0,"N/A",(G35-F35)/F35) -> N/A
... B38: Other | E38: =IF(C38=0,"N/A",(D38-C38)/C38) -> N/A | H38: =IF(F38=0,"N/A",(G38-F38)/F38) -> N/A
B39: TOTAL SESSIONS | C39: =SUM(C24:C38) -> 0 | D39: =SUM(D24:D38) -> 0 | E39: =IF(C39=0,"N/A",(D39-C39)/C39) -> N/A | F39: =SUM(F24:F38) -> 0 | G39: =SUM(G24:G38) -> 0 | H39: =IF(F39=0,"N/A",(G39-F39)/F39) -> N/A
A41: SECTION 3: TOP REFERRAL SOURCES
B42: Referral Source | C42: FY 2024 Sessions | D42: FY 2025 Sessions | E42: YoY Change % | F42: Jan 2025 | G42: Jan 2026 | H42: MoM Change %
E43: =IF(C43=0,"N/A",(D43-C43)/C43) -> N/A | H43: =IF(F43=0,"N/A",(G43-F43)/F43) -> N/A
E44: =IF(C44=0,"N/A",(D44-C44)/C44) -> N/A | H44: =IF(F44=0,"N/A",(G44-F44)/F44) -> N/A
E45: =IF(C45=0,"N/A",(D45-C45)/C45) -> N/A | H45: =IF(F45=0,"N/A",(G45-F45)/F45) -> N/A
E46: =IF(C46=0,"N/A",(D46-C46)/C46) -> N/A | H46: =IF(F46=0,"N/A",(G46-F46)/F46) -> N/A
E47: =IF(C47=0,"N/A",(D47-C47)/C47) -> N/A | H47: =IF(F47=0,"N/A",(G47-F47)/F47) -> N/A
E48: =IF(C48=0,"N/A",(D48-C48)/C48) -> N/A | H48: =IF(F48=0,"N/A",(G48-F48)/F48) -> N/A
E49: =IF(C49=0,"N/A",(D49-C49)/C49) -> N/A | H49: =IF(F49=0,"N/A",(G49-F49)/F49) -> N/A
E50: =IF(C50=0,"N/A",(D50-C50)/C50) -> N/A | H50: =IF(F50=0,"N/A",(G50-F50)/F50) -> N/A
E51: =IF(C51=0,"N/A",(D51-C51)/C51) -> N/A | H51: =IF(F51=0,"N/A",(G51-F51)/F51) -> N/A
E52: =IF(C52=0,"N/A",(D52-C52)/C52) -> N/A | H52: =IF(F52=0,"N/A",(G52-F52)/F52) -> N/A
A54: NOTES & OBSERVATIONS
B55: Notable source/medium entries (e.g., dv360/display, thetradedesk/video):
B56: Broadcast TV campaign flight dates and markets:
B57: Display campaign notes (DSP, targeting, budget):
B58: OTT/CTV campaign notes (platform, targeting, budget):
B59: Other observations or anomalies:

Sheet Cassell Bros
A1: Cassell Brothers
A2: GA4 Account ID: 104694076
A4: SECTION 1: OVERVIEW METRICS
B5: Metric | C5: Full Year 2024 | D5: Full Year 2025 | E5: YoY Change % | F5: Jan 2025 | G5: Jan 2026 | H5: MoM Change %
B6: Traffic & Acquisition
B7: Total Users | E7: =IF(C7=0,"N/A",(D7-C7)/C7) -> N/A | H7: =IF(F7=0,"N/A",(G7-F7)/F7) -> N/A
B8: New Users | E8: =IF(C8=0,"N/A",(D8-C8)/C8) -> N/A | H8: =IF(F8=0,"N/A",(G8-F8)/F8) -> N/A
B9: Sessions | E9: =IF(C9=0,"N/A",(D9-C9)/C9) -> N/A | H9: =IF(F9=0,"N/A",(G9-F9)/F9) -> N/A
B10: Pageviews (Screen Views) | E10: =IF(C10=0,"N/A",(D10-C10)/C10) -> N/A | H10: =IF(F10=0,"N/A",(G10-F10)/F10) -> N/A
B11: Engagement
B12: Engagement Rate | E12: =IF(C12=0,"N/A",(D12-C12)/C12) -> N/A | H12: =IF(F12=0,"N/A",(G12-F12)/F12) -> N/A
B13: Avg. Session Duration (sec) | E13: =IF(C13=0,"N/A",(D13-C13)/C13) -> N/A | H13: =IF(F13=0,"N/A",(G13-F13)/F13) -> N/A
B14: Engaged Sessions per User | E14: =IF(C14=0,"N/A",(D14-C14)/C14) -> N/A | H14: =IF(F14=0,"N/A",(G14-F14)/F14) -> N/A
B15: Events Count | E15: =IF(C15=0,"N/A",(D15-C15)/C15) -> N/A | H15: =IF(F15=0,"N/A",(G15-F15)/F15) -> N/A
B16: Pages per Session | E16: =IF(C16=0,"N/A",(D16-C16)/C16) -> N/A | H16: =IF(F16=0,"N/A",(G16-F16)/F16) -> N/A
B17: Conversions
B18: Key Events (Conversions) | E18: =IF(C18=0,"N/A",(D18-C18)/C18) -> N/A | H18: =IF(F18=0,"N/A",(G18-F18)/F18) -> N/A
B19: User Conversion Rate | E19: =IF(C19=0,"N/A",(D19-C19)/C19) -> N/A | H19: =IF(F19=0,"N/A",(G19-F19)/F19) -> N/A
B20: Session Conversion Rate | E20: =IF(C20=0,"N/A",(D20-C20)/C20) -> N/A | H20: =IF(F20=0,"N/A",(G20-F20)/F20) -> N/A
A22: SECTION 2: TRAFFIC SOURCES (Sessions by Channel)
B23: Channel | C23: Full Year 2024 | D23: Full Year 2025 | E23: YoY Change % | F23: Jan 2025 | G23: Jan 2026 | H23: MoM Change %
B24: Direct | E24: =IF(C24=0,"N/A",(D24-C24)/C24) -> N/A | H24: =IF(F24=0,"N/A",(G24-F24)/F24) -> N/A
B25: Organic Search | E25: =IF(C25=0,"N/A",(D25-C25)/C25) -> N/A | H25: =IF(F25=0,"N/A",(G25-F25)/F25) -> N/A
B26: Paid Search | E26: =IF(C26=0,"N/A",(D26-C26)/C26) -> N/A | H26: =IF(F26=0,"N/A",(G26-F26)/F26) -> N/A
B27: Display | E27: =IF(C27=0,"N/A",(D27-C27)/C27) -> N/A | H27: =IF(F27=0,"N/A",(G27-F27)/F27) -> N/A
B28: Paid Video (OTT) | E28: =IF(C28=0,"N/A",(D28-C28)/C28) -> N/A | H28: =IF(F28=0,"N/A",(G28-F28)/F28) -> N/A
B29: Cross-network | E29: =IF(C29=0,"N/A",(D29-C29)/C29) -> N/A | H29: =IF(F29=0,"N/A",(G29-F29)/F29) -> N/A
B30: Social (Organic) | E30: =IF(C30=0,"N/A",(D30-C30)/C30) -> N/A | H30: =IF(F30=0,"N/A",(G30-F30)/F30) -> N/A
B31: Social (Paid) | E31: =IF(C31=0,"N/A",(D31-C31)/C31) -> N/A | H31: =IF(F31=0,"N/A",(G31-F31)/F31) -> N/A
B32: Referral | E32: =IF(C32=0,"N/A",(D32-C32)/C32) -> N/A | H32: =IF(F32=0,"N/A",(G32-F32)/F32) -> N/A
B33: Email | E33: =IF(C33=0,"N/A",(D33-C33)/C33) -> N/A | H33: =IF(F33=0,"N/A",(G33-F33)/F33) -> N/A
B34: Affiliates | E34: =IF(C34=0,"N/A",(D34-C34)/C34) -> N/A | H34: =IF(F34=0,"N/A",(G34-F34)/F34) -> N/A
B35: Audio | E35: =IF(C35=0,"N/A",(D35-C35)/C35) -> N/A | H35: =IF(F35=0,"N/A",(G35-F35)/F35) -> N/A
... B38: Other | E38: =IF(C38=0,"N/A",(D38-C38)/C38) -> N/A | H38: =IF(F38=0,"N/A",(G38-F38)/F38) -> N/A
B39: TOTAL SESSIONS | C39: =SUM(C24:C38) -> 0 | D39: =SUM(D24:D38) -> 0 | E39: =IF(C39=0,"N/A",(D39-C39)/C39) -> N/A | F39: =SUM(F24:F38) -> 0 | G39: =SUM(G24:G38) -> 0 | H39: =IF(F39=0,"N/A",(G39-F39)/F39) -> N/A
A41: SECTION 3: TOP REFERRAL SOURCES
B42: Referral Source | C42: FY 2024 Sessions | D42: FY 2025 Sessions | E42: YoY Change % | F42: Jan 2025 | G42: Jan 2026 | H42: MoM Change %
E43: =IF(C43=0,"N/A",(D43-C43)/C43) -> N/A | H43: =IF(F43=0,"N/A",(G43-F43)/F43) -> N/A
E44: =IF(C44=0,"N/A",(D44-C44)/C44) -> N/A | H44: =IF(F44=0,"N/A",(G44-F44)/F44) -> N/A
E45: =IF(C45=0,"N/A",(D45-C45)/C45) -> N/A | H45: =IF(F45=0,"N/A",(G45-F45)/F45) -> N/A
E46: =IF(C46=0,"N/A",(D46-C46)/C46) -> N/A | H46: =IF(F46=0,"N/A",(G46-F46)/F46) -> N/A
E47: =IF(C47=0,"N/A",(D47-C47)/C47) -> N/A | H47: =IF(F47=0,"N/A",(G47-F47)/F47) -> N/A
E48: =IF(C48=0,"N/A",(D48-C48)/C48) -> N/A | H48: =IF(F48=0,"N/A",(G48-F48)/F48) -> N/A
E49: =IF(C49=0,"N/A",(D49-C49)/C49) -> N/A | H49: =IF(F49=0,"N/A",(G49-F49)/F49) -> N/A
E50: =IF(C50=0,"N/A",(D50-C50)/C50) -> N/A | H50: =IF(F50=0,"N/A",(G50-F50)/F50) -> N/A
E51: =IF(C51=0,"N/A",(D51-C51)/C51) -> N/A | H51: =IF(F51=0,"N/A",(G51-F51)/F51) -> N/A
E52: =IF(C52=0,"N/A",(D52-C52)/C52) -> N/A | H52: =IF(F52=0,"N/A",(G52-F52)/F52) -> N/A
A54: NOTES & OBSERVATIONS
B55: Notable source/medium entries (e.g., dv360/display, thetradedesk/video):
B56: Broadcast TV campaign flight dates and markets:
B57: Display campaign notes (DSP, targeting, budget):
B58: OTT/CTV campaign notes (platform, targeting, budget):
B59: Other observations or anomalies:

Sheet Charles Stone
A1: Charles Stone Mechanical
A2: GA4 Account ID: 282662324
A4: SECTION 1: OVERVIEW METRICS
B5: Metric | C5: Full Year 2024 | D5: Full Year 2025 | E5: YoY Change % | F5: Jan 2025 | G5: Jan 2026 | H5: MoM Change %
B6: Traffic & Acquisition
B7: Total Users | E7: =IF(C7=0,"N/A",(D7-C7)/C7) -> N/A | H7: =IF(F7=0,"N/A",(G7-F7)/F7) -> N/A
B8: New Users | E8: =IF(C8=0,"N/A",(D8-C8)/C8) -> N/A | H8: =IF(F8=0,"N/A",(G8-F8)/F8) -> N/A
B9: Sessions | E9: =IF(C9=0,"N/A",(D9-C9)/C9) -> N/A | H9: =IF(F9=0,"N/A",(G9-F9)/F9) -> N/A
B10: Pageviews (Screen Views) | E10: =IF(C10=0,"N/A",(D10-C10)/C10) -> N/A | H10: =IF(F10=0,"N/A",(G10-F10)/F10) -> N/A
B11: Engagement
B12: Engagement Rate | E12: =IF(C12=0,"N/A",(D12-C12)/C12) -> N/A | H12: =IF(F12=0,"N/A",(G12-F12)/F12) -> N/A
B13: Avg. Session Duration (sec) | E13: =IF(C13=0,"N/A",(D13-C13)/C13) -> N/A | H13: =IF(F13=0,"N/A",(G13-F13)/F13) -> N/A
B14: Engaged Sessions per User | E14: =IF(C14=0,"N/A",(D14-C14)/C14) -> N/A | H14: =IF(F14=0,"N/A",(G14-F14)/F14) -> N/A
B15: Events Count | E15: =IF(C15=0,"N/A",(D15-C15)/C15) -> N/A | H15: =IF(F15=0,"N/A",(G15-F15)/F15) -> N/A
B16: Pages per Session | E16: =IF(C16=0,"N/A",(D16-C16)/C16) -> N/A | H16: =IF(F16=0,"N/A",(G16-F16)/F16) -> N/A
B17: Conversions
B18: Key Events (Conversions) | E18: =IF(C18=0,"N/A",(D18-C18)/C18) -> N/A | H18: =IF(F18=0,"N/A",(G18-F18)/F18) -> N/A
B19: User Conversion Rate | E19: =IF(C19=0,"N/A",(D19-C19)/C19) -> N/A | H19: =IF(F19=0,"N/A",(G19-F19)/F19) -> N/A
B20: Session Conversion Rate | E20: =IF(C20=0,"N/A",(D20-C20)/C20) -> N/A | H20: =IF(F20=0,"N/A",(G20-F20)/F20) -> N/A
A22: SECTION 2: TRAFFIC SOURCES (Sessions by Channel)
B23: Channel | C23: Full Year 2024 | D23: Full Year 2025 | E23: YoY Change % | F23: Jan 2025 | G23: Jan 2026 | H23: MoM Change %
B24: Direct | E24: =IF(C24=0,"N/A",(D24-C24)/C24) -> N/A | H24: =IF(F24=0,"N/A",(G24-F24)/F24) -> N/A
B25: Organic Search | E25: =IF(C25=0,"N/A",(D25-C25)/C25) -> N/A | H25: =IF(F25=0,"N/A",(G25-F25)/F25) -> N/A
B26: Paid Search | E26: =IF(C26=0,"N/A",(D26-C26)/C26) -> N/A | H26: =IF(F26=0,"N/A",(G26-F26)/F26) -> N/A
B27: Display | E27: =IF(C27=0,"N/A",(D27-C27)/C27) -> N/A | H27: =IF(F27=0,"N/A",(G27-F27)/F27) -> N/A
B28: Paid Video (OTT) | E28: =IF(C28=0,"N/A",(D28-C28)/C28) -> N/A | H28: =IF(F28=0,"N/A",(G28-F28)/F28) -> N/A
B29: Cross-network | E29: =IF(C29=0,"N/A",(D29-C29)/C29) -> N/A | H29: =IF(F29=0,"N/A",(G29-F29)/F29) -> N/A
B30: Social (Organic) | E30: =IF(C30=0,"N/A",(D30-C30)/C30) -> N/A | H30: =IF(F30=0,"N/A",(G30-F30)/F30) -> N/A
B31: Social (Paid) | E31: =IF(C31=0,"N/A",(D31-C31)/C31) -> N/A | H31: =IF(F31=0,"N/A",(G31-F31)/F31) -> N/A
B32: Referral | E32: =IF(C32=0,"N/A",(D32-C32)/C32) -> N/A | H32: =IF(F32=0,"N/A",(G32-F32)/F32) -> N/A
B33: Email | E33: =IF(C33=0,"N/A",(D33-C33)/C33) -> N/A | H33: =IF(F33=0,"N/A",(G33-F33)/F33) -> N/A
B34: Affiliates | E34: =IF(C34=0,"N/A",(D34-C34)/C34) -> N/A | H34: =IF(F34=0,"N/A",(G34-F34)/F34) -> N/A
B35: Audio | E35: =IF(C35=0,"N/A",(D35-C35)/C35) -> N/A | H35: =IF(F35=0,"N/A",(G35-F35)/F35) -> N/A
... B38: Other | E38: =IF(C38=0,"N/A",(D38-C38)/C38) -> N/A | H38: =IF(F38=0,"N/A",(G38-F38)/F38) -> N/A
B39: TOTAL SESSIONS | C39: =SUM(C24:C38) -> 0 | D39: =SUM(D24:D38) -> 0 | E39: =IF(C39=0,"N/A",(D39-C39)/C39) -> N/A | F39: =SUM(F24:F38) -> 0 | G39: =SUM(G24:G38) -> 0 | H39: =IF(F39=0,"N/A",(G39-F39)/F39) -> N/A
A41: SECTION 3: TOP REFERRAL SOURCES
B42: Referral Source | C42: FY 2024 Sessions | D42: FY 2025 Sessions | E42: YoY Change % | F42: Jan 2025 | G42: Jan 2026 | H42: MoM Change %
E43: =IF(C43=0,"N/A",(D43-C43)/C43) -> N/A | H43: =IF(F43=0,"N/A",(G43-F43)/F43) -> N/A
E44: =IF(C44=0,"N/A",(D44-C44)/C44) -> N/A | H44: =IF(F44=0,"N/A",(G44-F44)/F44) -> N/A
E45: =IF(C45=0,"N/A",(D45-C45)/C45) -> N/A | H45: =IF(F45=0,"N/A",(G45-F45)/F45) -> N/A
E46: =IF(C46=0,"N/A",(D46-C46)/C46) -> N/A | H46: =IF(F46=0,"N/A",(G46-F46)/F46) -> N/A
E47: =IF(C47=0,"N/A",(D47-C47)/C47) -> N/A | H47: =IF(F47=0,"N/A",(G47-F47)/F47) -> N/A
E48: =IF(C48=0,"N/A",(D48-C48)/C48) -> N/A | H48: =IF(F48=0,"N/A",(G48-F48)/F48) -> N/A
E49: =IF(C49=0,"N/A",(D49-C49)/C49) -> N/A | H49: =IF(F49=0,"N/A",(G49-F49)/F49) -> N/A
E50: =IF(C50=0,"N/A",(D50-C50)/C50) -> N/A | H50: =IF(F50=0,"N/A",(G50-F50)/F50) -> N/A
E51: =IF(C51=0,"N/A",(D51-C51)/C51) -> N/A | H51: =IF(F51=0,"N/A",(G51-F51)/F51) -> N/A
E52: =IF(C52=0,"N/A",(D52-C52)/C52) -> N/A | H52: =IF(F52=0,"N/A",(G52-F52)/F52) -> N/A
A54: NOTES & OBSERVATIONS
B55: Notable source/medium entries (e.g., dv360/display, thetradedesk/video):
B56: Broadcast TV campaign flight dates and markets:
B57: Display campaign notes (DSP, targeting, budget):
B58: OTT/CTV campaign notes (platform, targeting, budget):
B59: Other observations or anomalies:

Sheet Dauenhauer
A1: Dauenhauer Plumbing
A2: GA4 Account ID: 39227647
A4: SECTION 1: OVERVIEW METRICS
B5: Metric | C5: Full Year 2024 | D5: Full Year 2025 | E5: YoY Change % | F5: Jan 2025 | G5: Jan 2026 | H5: MoM Change %
B6: Traffic & Acquisition
B7: Total Users | E7: =IF(C7=0,"N/A",(D7-C7)/C7) -> N/A | H7: =IF(F7=0,"N/A",(G7-F7)/F7) -> N/A
B8: New Users | E8: =IF(C8=0,"N/A",(D8-C8)/C8) -> N/A | H8: =IF(F8=0,"N/A",(G8-F8)/F8) -> N/A
B9: Sessions | E9: =IF(C9=0,"N/A",(D9-C9)/C9) -> N/A | H9: =IF(F9=0,"N/A",(G9-F9)/F9) -> N/A
B10: Pageviews (Screen Views) | E10: =IF(C10=0,"N/A",(D10-C10)/C10) -> N/A | H10: =IF(F10=0,"N/A",(G10-F10)/F10) -> N/A
B11: Engagement
B12: Engagement Rate | E12: =IF(C12=0,"N/A",(D12-C12)/C12) -> N/A | H12: =IF(F12=0,"N/A",(G12-F12)/F12) -> N/A
B13: Avg. Session Duration (sec) | E13: =IF(C13=0,"N/A",(D13-C13)/C13) -> N/A | H13: =IF(F13=0,"N/A",(G13-F13)/F13) -> N/A
B14: Engaged Sessions per User | E14: =IF(C14=0,"N/A",(D14-C14)/C14) -> N/A | H14: =IF(F14=0,"N/A",(G14-F14)/F14) -> N/A
B15: Events Count | E15: =IF(C15=0,"N/A",(D15-C15)/C15) -> N/A | H15: =IF(F15=0,"N/A",(G15-F15)/F15) -> N/A
B16: Pages per Session | E16: =IF(C16=0,"N/A",(D16-C16)/C16) -> N/A | H16: =IF(F16=0,"N/A",(G16-F16)/F16) -> N/A
B17: Conversions
B18: Key Events (Conversions) | E18: =IF(C18=0,"N/A",(D18-C18)/C18) -> N/A | H18: =IF(F18=0,"N/A",(G18-F18)/F18) -> N/A
B19: User Conversion Rate | E19: =IF(C19=0,"N/A",(D19-C19)/C19) -> N/A | H19: =IF(F19=0,"N/A",(G19-F19)/F19) -> N/A
B20: Session Conversion Rate | E20: =IF(C20=0,"N/A",(D20-C20)/C20) -> N/A | H20: =IF(F20=0,"N/A",(G20-F20)/F20) -> N/A
A22: SECTION 2: TRAFFIC SOURCES (Sessions by Channel)
B23: Channel | C23: Full Year 2024 | D23: Full Year 2025 | E23: YoY Change % | F23: Jan 2025 | G23: Jan 2026 | H23: MoM Change %
B24: Direct | E24: =IF(C24=0,"N/A",(D24-C24)/C24) -> N/A | H24: =IF(F24=0,"N/A",(G24-F24)/F24) -> N/A
B25: Organic Search | E25: =IF(C25=0,"N/A",(D25-C25)/C25) -> N/A | H25: =IF(F25=0,"N/A",(G25-F25)/F25) -> N/A
B26: Paid Search | E26: =IF(C26=0,"N/A",(D26-C26)/C26) -> N/A | H26: =IF(F26=0,"N/A",(G26-F26)/F26) -> N/A
B27: Display | E27: =IF(C27=0,"N/A",(D27-C27)/C27) -> N/A | H27: =IF(F27=0,"N/A",(G27-F27)/F27) -> N/A
B28: Paid Video (OTT) | E28: =IF(C28=0,"N/A",(D28-C28)/C28) -> N/A | H28: =IF(F28=0,"N/A",(G28-F28)/F28) -> N/A
B29: Cross-network | E29: =IF(C29=0,"N/A",(D29-C29)/C29) -> N/A | H29: =IF(F29=0,"N/A",(G29-F29)/F29) -> N/A
B30: Social (Organic) | E30: =IF(C30=0,"N/A",(D30-C30)/C30) -> N/A | H30: =IF(F30=0,"N/A",(G30-F30)/F30) -> N/A
B31: Social (Paid) | E31: =IF(C31=0,"N/A",(D31-C31)/C31) -> N/A | H31: =IF(F31=0,"N/A",(G31-F31)/F31) -> N/A
B32: Referral | E32: =IF(C32=0,"N/A",(D32-C32)/C32) -> N/A | H32: =IF(F32=0,"N/A",(G32-F32)/F32) -> N/A
B33: Email | E33: =IF(C33=0,"N/A",(D33-C33)/C33) -> N/A | H33: =IF(F33=0,"N/A",(G33-F33)/F33) -> N/A
B34: Affiliates | E34: =IF(C34=0,"N/A",(D34-C34)/C34) -> N/A | H34: =IF(F34=0,"N/A",(G34-F34)/F34) -> N/A
B35: Audio | E35: =IF(C35=0,"N/A",(D35-C35)/C35) -> N/A | H35: =IF(F35=0,"N/A",(G35-F35)/F35) -> N/A
... B38: Other | E38: =IF(C38=0,"N/A",(D38-C38)/C38) -> N/A | H38: =IF(F38=0,"N/A",(G38-F38)/F38) -> N/A
B39: TOTAL SESSIONS | C39: =SUM(C24:C38) -> 0 | D39: =SUM(D24:D38) -> 0 | E39: =IF(C39=0,"N/A",(D39-C39)/C39) -> N/A | F39: =SUM(F24:F38) -> 0 | G39: =SUM(G24:G38) -> 0 | H39: =IF(F39=0,"N/A",(G39-F39)/F39) -> N/A
A41: SECTION 3: TOP REFERRAL SOURCES
B42: Referral Source | C42: FY 2024 Sessions | D42: FY 2025 Sessions | E42: YoY Change % | F42: Jan 2025 | G42: Jan 2026 | H42: MoM Change %
E43: =IF(C43=0,"N/A",(D43-C43)/C43) -> N/A | H43: =IF(F43=0,"N/A",(G43-F43)/F43) -> N/A
E44: =IF(C44=0,"N/A",(D44-C44)/C44) -> N/A | H44: =IF(F44=0,"N/A",(G44-F44)/F44) -> N/A
E45: =IF(C45=0,"N/A",(D45-C45)/C45) -> N/A | H45: =IF(F45=0,"N/A",(G45-F45)/F45) -> N/A
E46: =IF(C46=0,"N/A",(D46-C46)/C46) -> N/A | H46: =IF(F46=0,"N/A",(G46-F46)/F46) -> N/A
E47: =IF(C47=0,"N/A",(D47-C47)/C47) -> N/A | H47: =IF(F47=0,"N/A",(G47-F47)/F47) -> N/A
E48: =IF(C48=0,"N/A",(D48-C48)/C48) -> N/A | H48: =IF(F48=0,"N/A",(G48-F48)/F48) -> N/A
E49: =IF(C49=0,"N/A",(D49-C49)/C49) -> N/A | H49: =IF(F49=0,"N/A",(G49-F49)/F49) -> N/A
E50: =IF(C50=0,"N/A",(D50-C50)/C50) -> N/A | H50: =IF(F50=0,"N/A",(G50-F50)/F50) -> N/A
E51: =IF(C51=0,"N/A",(D51-C51)/C51) -> N/A | H51: =IF(F51=0,"N/A",(G51-F51)/F51) -> N/A
E52: =IF(C52=0,"N/A",(D52-C52)/C52) -> N/A | H52: =IF(F52=0,"N/A",(G52-F52)/F52) -> N/A
A54: NOTES & OBSERVATIONS
B55: Notable source/medium entries (e.g., dv360/display, thetradedesk/video):
B56: Broadcast TV campaign flight dates and markets:
B57: Display campaign notes (DSP, targeting, budget):
B58: OTT/CTV campaign notes (platform, targeting, budget):
B59: Other observations or anomalies:

Sheet Fayette HA
A1: Fayette Heating & Air
A2: GA4 Account ID: 262795854
A4: SECTION 1: OVERVIEW METRICS
B5: Metric | C5: Full Year 2024 | D5: Full Year 2025 | E5: YoY Change % | F5: Jan 2025 | G5: Jan 2026 | H5: MoM Change %
B6: Traffic & Acquisition
B7: Total Users | E7: =IF(C7=0,"N/A",(D7-C7)/C7) -> N/A | H7: =IF(F7=0,"N/A",(G7-F7)/F7) -> N/A
B8: New Users | E8: =IF(C8=0,"N/A",(D8-C8)/C8) -> N/A | H8: =IF(F8=0,"N/A",(G8-F8)/F8) -> N/A
B9: Sessions | E9: =IF(C9=0,"N/A",(D9-C9)/C9) -> N/A | H9: =IF(F9=0,"N/A",(G9-F9)/F9) -> N/A
B10: Pageviews (Screen Views) | E10: =IF(C10=0,"N/A",(D10-C10)/C10) -> N/A | H10: =IF(F10=0,"N/A",(G10-F10)/F10) -> N/A
B11: Engagement
B12: Engagement Rate | E12: =IF(C12=0,"N/A",(D12-C12)/C12) -> N/A | H12: =IF(F12=0,"N/A",(G12-F12)/F12) -> N/A
B13: Avg. Session Duration (sec) | E13: =IF(C13=0,"N/A",(D13-C13)/C13) -> N/A | H13: =IF(F13=0,"N/A",(G13-F13)/F13) -> N/A
B14: Engaged Sessions per User | E14: =IF(C14=0,"N/A",(D14-C14)/C14) -> N/A | H14: =IF(F14=0,"N/A",(G14-F14)/F14) -> N/A
B15: Events Count | E15: =IF(C15=0,"N/A",(D15-C15)/C15) -> N/A | H15: =IF(F15=0,"N/A",(G15-F15)/F15) -> N/A
B16: Pages per Session | E16: =IF(C16=0,"N/A",(D16-C16)/C16) -> N/A | H16: =IF(F16=0,"N/A",(G16-F16)/F16) -> N/A
B17: Conversions
B18: Key Events (Conversions) | E18: =IF(C18=0,"N/A",(D18-C18)/C18) -> N/A | H18: =IF(F18=0,"N/A",(G18-F18)/F18) -> N/A
B19: User Conversion Rate | E19: =IF(C19=0,"N/A",(D19-C19)/C19) -> N/A | H19: =IF(F19=0,"N/A",(G19-F19)/F19) -> N/A
B20: Session Conversion Rate | E20: =IF(C20=0,"N/A",(D20-C20)/C20) -> N/A | H20: =IF(F20=0,"N/A",(G20-F20)/F20) -> N/A
A22: SECTION 2: TRAFFIC SOURCES (Sessions by Channel)
B23: Channel | C23: Full Year 2024 | D23: Full Year 2025 | E23: YoY Change % | F23: Jan 2025 | G23: Jan 2026 | H23: MoM Change %
B24: Direct | E24: =IF(C24=0,"N/A",(D24-C24)/C24) -> N/A | H24: =IF(F24=0,"N/A",(G24-F24)/F24) -> N/A
B25: Organic Search | E25: =IF(C25=0,"N/A",(D25-C25)/C25) -> N/A | H25: =IF(F25=0,"N/A",(G25-F25)/F25) -> N/A
B26: Paid Search | E26: =IF(C26=0,"N/A",(D26-C26)/C26) -> N/A | H26: =IF(F26=0,"N/A",(G26-F26)/F26) -> N/A
B27: Display | E27: =IF(C27=0,"N/A",(D27-C27)/C27) -> N/A | H27: =IF(F27=0,"N/A",(G27-F27)/F27) -> N/A
B28: Paid Video (OTT) | E28: =IF(C28=0,"N/A",(D28-C28)/C28) -> N/A | H28: =IF(F28=0,"N/A",(G28-F28)/F28) -> N/A
B29: Cross-network | E29: =IF(C29=0,"N/A",(D29-C29)/C29) -> N/A | H29: =IF(F29=0,"N/A",(G29-F29)/F29) -> N/A
B30: Social (Organic) | E30: =IF(C30=0,"N/A",(D30-C30)/C30) -> N/A | H30: =IF(F30=0,"N/A",(G30-F30)/F30) -> N/A
B31: Social (Paid) | E31: =IF(C31=0,"N/A",(D31-C31)/C31) -> N/A | H31: =IF(F31=0,"N/A",(G31-F31)/F31) -> N/A
B32: Referral | E32: =IF(C32=0,"N/A",(D32-C32)/C32) -> N/A | H32: =IF(F32=0,"N/A",(G32-F32)/F32) -> N/A
B33: Email | E33: =IF(C33=0,"N/A",(D33-C33)/C33) -> N/A | H33: =IF(F33=0,"N/A",(G33-F33)/F33) -> N/A
B34: Affiliates | E34: =IF(C34=0,"N/A",(D34-C34)/C34) -> N/A | H34: =IF(F34=0,"N/A",(G34-F34)/F34) -> N/A
B35: Audio | E35: =IF(C35=0,"N/A",(D35-C35)/C35) -> N/A | H35: =IF(F35=0,"N/A",(G35-F35)/F35) -> N/A
... B38: Other | E38: =IF(C38=0,"N/A",(D38-C38)/C38) -> N/A | H38: =IF(F38=0,"N/A",(G38-F38)/F38) -> N/A
B39: TOTAL SESSIONS | C39: =SUM(C24:C38) -> 0 | D39: =SUM(D24:D38) -> 0 | E39: =IF(C39=0,"N/A",(D39-C39)/C39) -> N/A | F39: =SUM(F24:F38) -> 0 | G39: =SUM(G24:G38) -> 0 | H39: =IF(F39=0,"N/A",(G39-F39)/F39) -> N/A
A41: SECTION 3: TOP REFERRAL SOURCES
B42: Referral Source | C42: FY 2024 Sessions | D42: FY 2025 Sessions | E42: YoY Change % | F42: Jan 2025 | G42: Jan 2026 | H42: MoM Change %
E43: =IF(C43=0,"N/A",(D43-C43)/C43) -> N/A | H43: =IF(F43=0,"N/A",(G43-F43)/F43) -> N/A
E44: =IF(C44=0,"N/A",(D44-C44)/C44) -> N/A | H44: =IF(F44=0,"N/A",(G44-F44)/F44) -> N/A
E45: =IF(C45=0,"N/A",(D45-C45)/C45) -> N/A | H45: =IF(F45=0,"N/A",(G45-F45)/F45) -> N/A
E46: =IF(C46=0,"N/A",(D46-C46)/C46) -> N/A | H46: =IF(F46=0,"N/A",(G46-F46)/F46) -> N/A
E47: =IF(C47=0,"N/A",(D47-C47)/C47) -> N/A | H47: =IF(F47=0,"N/A",(G47-F47)/F47) -> N/A
E48: =IF(C48=0,"N/A",(D48-C48)/C48) -> N/A | H48: =IF(F48=0,"N/A",(G48-F48)/F48) -> N/A
E49: =IF(C49=0,"N/A",(D49-C49)/C49) -> N/A | H49: =IF(F49=0,"N/A",(G49-F49)/F49) -> N/A
E50: =IF(C50=0,"N/A",(D50-C50)/C50) -> N/A | H50: =IF(F50=0,"N/A",(G50-F50)/F50) -> N/A
E51: =IF(C51=0,"N/A",(D51-C51)/C51) -> N/A | H51: =IF(F51=0,"N/A",(G51-F51)/F51) -> N/A
E52: =IF(C52=0,"N/A",(D52-C52)/C52) -> N/A | H52: =IF(F52=0,"N/A",(G52-F52)/F52) -> N/A
A54: NOTES & OBSERVATIONS
B55: Notable source/medium entries (e.g., dv360/display, thetradedesk/video):
B56: Broadcast TV campaign flight dates and markets:
B57: Display campaign notes (DSP, targeting, budget):
B58: OTT/CTV campaign notes (platform, targeting, budget):
B59: Other observations or anomalies:

Sheet GAC Services
A1: GAC Services
A2: GA4 Account ID: 225046204
A4: SECTION 1: OVERVIEW METRICS
B5: Metric | C5: Full Year 2024 | D5: Full Year 2025 | E5: YoY Change % | F5: Jan 2025 | G5: Jan 2026 | H5: MoM Change %
B6: Traffic & Acquisition
B7: Total Users | E7: =IF(C7=0,"N/A",(D7-C7)/C7) -> N/A | H7: =IF(F7=0,"N/A",(G7-F7)/F7) -> N/A
B8: New Users | E8: =IF(C8=0,"N/A",(D8-C8)/C8) -> N/A | H8: =IF(F8=0,"N/A",(G8-F8)/F8) -> N/A
B9: Sessions | E9: =IF(C9=0,"N/A",(D9-C9)/C9) -> N/A | H9: =IF(F9=0,"N/A",(G9-F9)/F9) -> N/A
B10: Pageviews (Screen Views) | E10: =IF(C10=0,"N/A",(D10-C10)/C10) -> N/A | H10: =IF(F10=0,"N/A",(G10-F10)/F10) -> N/A
B11: Engagement
B12: Engagement Rate | E12: =IF(C12=0,"N/A",(D12-C12)/C12) -> N/A | H12: =IF(F12=0,"N/A",(G12-F12)/F12) -> N/A
B13: Avg. Session Duration (sec) | E13: =IF(C13=0,"N/A",(D13-C13)/C13) -> N/A | H13: =IF(F13=0,"N/A",(G13-F13)/F13) -> N/A
B14: Engaged Sessions per User | E14: =IF(C14=0,"N/A",(D14-C14)/C14) -> N/A | H14: =IF(F14=0,"N/A",(G14-F14)/F14) -> N/A
B15: Events Count | E15: =IF(C15=0,"N/A",(D15-C15)/C15) -> N/A | H15: =IF(F15=0,"N/A",(G15-F15)/F15) -> N/A
B16: Pages per Session | E16: =IF(C16=0,"N/A",(D16-C16)/C16) -> N/A | H16: =IF(F16=0,"N/A",(G16-F16)/F16) -> N/A
B17: Conversions
B18: Key Events (Conversions) | E18: =IF(C18=0,"N/A",(D18-C18)/C18) -> N/A | H18: =IF(F18=0,"N/A",(G18-F18)/F18) -> N/A
B19: User Conversion Rate | E19: =IF(C19=0,"N/A",(D19-C19)/C19) -> N/A | H19: =IF(F19=0,"N/A",(G19-F19)/F19) -> N/A
B20: Session Conversion Rate | E20: =IF(C20=0,"N/A",(D20-C20)/C20) -> N/A | H20: =IF(F20=0,"N/A",(G20-F20)/F20) -> N/A
A22: SECTION 2: TRAFFIC SOURCES (Sessions by Channel)
B23: Channel | C23: Full Year 2024 | D23: Full Year 2025 | E23: YoY Change % | F23: Jan 2025 | G23: Jan 2026 | H23: MoM Change %
B24: Direct | E24: =IF(C24=0,"N/A",(D24-C24)/C24) -> N/A | H24: =IF(F24=0,"N/A",(G24-F24)/F24) -> N/A
B25: Organic Search | E25: =IF(C25=0,"N/A",(D25-C25)/C25) -> N/A | H25: =IF(F25=0,"N/A",(G25-F25)/F25) -> N/A
B26: Paid Search | E26: =IF(C26=0,"N/A",(D26-C26)/C26) -> N/A | H26: =IF(F26=0,"N/A",(G26-F26)/F26) -> N/A
B27: Display | E27: =IF(C27=0,"N/A",(D27-C27)/C27) -> N/A | H27: =IF(F27=0,"N/A",(G27-F27)/F27) -> N/A
B28: Paid Video (OTT) | E28: =IF(C28=0,"N/A",(D28-C28)/C28) -> N/A | H28: =IF(F28=0,"N/A",(G28-F28)/F28) -> N/A
B29: Cross-network | E29: =IF(C29=0,"N/A",(D29-C29)/C29) -> N/A | H29: =IF(F29=0,"N/A",(G29-F29)/F29) -> N/A
B30: Social (Organic) | E30: =IF(C30=0,"N/A",(D30-C30)/C30) -> N/A | H30: =IF(F30=0,"N/A",(G30-F30)/F30) -> N/A
B31: Social (Paid) | E31: =IF(C31=0,"N/A",(D31-C31)/C31) -> N/A | H31: =IF(F31=0,"N/A",(G31-F31)/F31) -> N/A
B32: Referral | E32: =IF(C32=0,"N/A",(D32-C32)/C32) -> N/A | H32: =IF(F32=0,"N/A",(G32-F32)/F32) -> N/A
B33: Email | E33: =IF(C33=0,"N/A",(D33-C33)/C33) -> N/A | H33: =IF(F33=0,"N/A",(G33-F33)/F33) -> N/A
B34: Affiliates | E34: =IF(C34=0,"N/A",(D34-C34)/C34) -> N/A | H34: =IF(F34=0,"N/A",(G34-F34)/F34) -> N/A
B35: Audio | E35: =IF(C35=0,"N/A",(D35-C35)/C35) -> N/A | H35: =IF(F35=0,"N/A",(G35-F35)/F35) -> N/A
... B38: Other | E38: =IF(C38=0,"N/A",(D38-C38)/C38) -> N/A | H38: =IF(F38=0,"N/A",(G38-F38)/F38) -> N/A
B39: TOTAL SESSIONS | C39: =SUM(C24:C38) -> 0 | D39: =SUM(D24:D38) -> 0 | E39: =IF(C39=0,"N/A",(D39-C39)/C39) -> N/A | F39: =SUM(F24:F38) -> 0 | G39: =SUM(G24:G38) -> 0 | H39: =IF(F39=0,"N/A",(G39-F39)/F39) -> N/A
A41: SECTION 3: TOP REFERRAL SOURCES
B42: Referral Source | C42: FY 2024 Sessions | D42: FY 2025 Sessions | E42: YoY Change % | F42: Jan 2025 | G42: Jan 2026 | H42: MoM Change %
E43: =IF(C43=0,"N/A",(D43-C43)/C43) -> N/A | H43: =IF(F43=0,"N/A",(G43-F43)/F43) -> N/A
E44: =IF(C44=0,"N/A",(D44-C44)/C44) -> N/A | H44: =IF(F44=0,"N/A",(G44-F44)/F44) -> N/A
E45: =IF(C45=0,"N/A",(D45-C45)/C45) -> N/A | H45: =IF(F45=0,"N/A",(G45-F45)/F45) -> N/A
E46: =IF(C46=0,"N/A",(D46-C46)/C46) -> N/A | H46: =IF(F46=0,"N/A",(G46-F46)/F46) -> N/A
E47: =IF(C47=0,"N/A",(D47-C47)/C47) -> N/A | H47: =IF(F47=0,"N/A",(G47-F47)/F47) -> N/A
E48: =IF(C48=0,"N/A",(D48-C48)/C48) -> N/A | H48: =IF(F48=0,"N/A",(G48-F48)/F48) -> N/A
E49: =IF(C49=0,"N/A",(D49-C49)/C49) -> N/A | H49: =IF(F49=0,"N/A",(G49-F49)/F49) -> N/A
E50: =IF(C50=0,"N/A",(D50-C50)/C50) -> N/A | H50: =IF(F50=0,"N/A",(G50-F50)/F50) -> N/A
E51: =IF(C51=0,"N/A",(D51-C51)/C51) -> N/A | H51: =IF(F51=0,"N/A",(G51-F51)/F51) -> N/A
E52: =IF(C52=0,"N/A",(D52-C52)/C52) -> N/A | H52: =IF(F52=0,"N/A",(G52-F52)/F52) -> N/A
A54: NOTES & OBSERVATIONS
B55: Notable source/medium entries (e.g., dv360/display, thetradedesk/video):
B56: Broadcast TV campaign flight dates and markets:
B57: Display campaign notes (DSP, targeting, budget):
B58: OTT/CTV campaign notes (platform, targeting, budget):
B59: Other observations or anomalies:

Sheet Hunter Super Techs
A1: Hunter Super Techs
A2: GA4 Account ID: 128111953
A4: SECTION 1: OVERVIEW METRICS
B5: Metric | C5: Full Year 2024 | D5: Full Year 2025 | E5: YoY Change % | F5: Jan 2025 | G5: Jan 2026 | H5: MoM Change %
B6: Traffic & Acquisition
B7: Total Users | E7: =IF(C7=0,"N/A",(D7-C7)/C7) -> N/A | H7: =IF(F7=0,"N/A",(G7-F7)/F7) -> N/A
B8: New Users | E8: =IF(C8=0,"N/A",(D8-C8)/C8) -> N/A | H8: =IF(F8=0,"N/A",(G8-F8)/F8) -> N/A
B9: Sessions | E9: =IF(C9=0,"N/A",(D9-C9)/C9) -> N/A | H9: =IF(F9=0,"N/A",(G9-F9)/F9) -> N/A
B10: Pageviews (Screen Views) | E10: =IF(C10=0,"N/A",(D10-C10)/C10) -> N/A | H10: =IF(F10=0,"N/A",(G10-F10)/F10) -> N/A
B11: Engagement
B12: Engagement Rate | E12: =IF(C12=0,"N/A",(D12-C12)/C12) -> N/A | H12: =IF(F12=0,"N/A",(G12-F12)/F12) -> N/A
B13: Avg. Session Duration (sec) | E13: =IF(C13=0,"N/A",(D13-C13)/C13) -> N/A | H13: =IF(F13=0,"N/A",(G13-F13)/F13) -> N/A
B14: Engaged Sessions per User | E14: =IF(C14=0,"N/A",(D14-C14)/C14) -> N/A | H14: =IF(F14=0,"N/A",(G14-F14)/F14) -> N/A
B15: Events Count | E15: =IF(C15=0,"N/A",(D15-C15)/C15) -> N/A | H15: =IF(F15=0,"N/A",(G15-F15)/F15) -> N/A
B16: Pages per Session | E16: =IF(C16=0,"N/A",(D16-C16)/C16) -> N/A | H16: =IF(F16=0,"N/A",(G16-F16)/F16) -> N/A
B17: Conversions
B18: Key Events (Conversions) | E18: =IF(C18=0,"N/A",(D18-C18)/C18) -> N/A | H18: =IF(F18=0,"N/A",(G18-F18)/F18) -> N/A
B19: User Conversion Rate | E19: =IF(C19=0,"N/A",(D19-C19)/C19) -> N/A | H19: =IF(F19=0,"N/A",(G19-F19)/F19) -> N/A
B20: Session Conversion Rate | E20: =IF(C20=0,"N/A",(D20-C20)/C20) -> N/A | H20: =IF(F20=0,"N/A",(G20-F20)/F20) -> N/A
A22: SECTION 2: TRAFFIC SOURCES (Sessions by Channel)
B23: Channel | C23: Full Year 2024 | D23: Full Year 2025 | E23: YoY Change % | F23: Jan 2025 | G23: Jan 2026 | H23: MoM Change %
B24: Direct | E24: =IF(C24=0,"N/A",(D24-C24)/C24) -> N/A | H24: =IF(F24=0,"N/A",(G24-F24)/F24) -> N/A
B25: Organic Search | E25: =IF(C25=0,"N/A",(D25-C25)/C25) -> N/A | H25: =IF(F25=0,"N/A",(G25-F25)/F25) -> N/A
B26: Paid Search | E26: =IF(C26=0,"N/A",(D26-C26)/C26) -> N/A | H26: =IF(F26=0,"N/A",(G26-F26)/F26) -> N/A
B27: Display | E27: =IF(C27=0,"N/A",(D27-C27)/C27) -> N/A | H27: =IF(F27=0,"N/A",(G27-F27)/F27) -> N/A
B28: Paid Video (OTT) | E28: =IF(C28=0,"N/A",(D28-C28)/C28) -> N/A | H28: =IF(F28=0,"N/A",(G28-F28)/F28) -> N/A
B29: Cross-network | E29: =IF(C29=0,"N/A",(D29-C29)/C29) -> N/A | H29: =IF(F29=0,"N/A",(G29-F29)/F29) -> N/A
B30: Social (Organic) | E30: =IF(C30=0,"N/A",(D30-C30)/C30) -> N/A | H30: =IF(F30=0,"N/A",(G30-F30)/F30) -> N/A
B31: Social (Paid) | E31: =IF(C31=0,"N/A",(D31-C31)/C31) -> N/A | H31: =IF(F31=0,"N/A",(G31-F31)/F31) -> N/A
B32: Referral | E32: =IF(C32=0,"N/A",(D32-C32)/C32) -> N/A | H32: =IF(F32=0,"N/A",(G32-F32)/F32) -> N/A
B33: Email | E33: =IF(C33=0,"N/A",(D33-C33)/C33) -> N/A | H33: =IF(F33=0,"N/A",(G33-F33)/F33) -> N/A
B34: Affiliates | E34: =IF(C34=0,"N/A",(D34-C34)/C34) -> N/A | H34: =IF(F34=0,"N/A",(G34-F34)/F34) -> N/A
B35: Audio | E35: =IF(C35=0,"N/A",(D35-C35)/C35) -> N/A | H35: =IF(F35=0,"N/A",(G35-F35)/F35) -> N/A
... B38: Other | E38: =IF(C38=0,"N/A",(D38-C38)/C38) -> N/A | H38: =IF(F38=0,"N/A",(G38-F38)/F38) -> N/A
B39: TOTAL SESSIONS | C39: =SUM(C24:C38) -> 0 | D39: =SUM(D24:D38) -> 0 | E39: =IF(C39=0,"N/A",(D39-C39)/C39) -> N/A | F39: =SUM(F24:F38) -> 0 | G39: =SUM(G24:G38) -> 0 | H39: =IF(F39=0,"N/A",(G39-F39)/F39) -> N/A
A41: SECTION 3: TOP REFERRAL SOURCES
B42: Referral Source | C42: FY 2024 Sessions | D42: FY 2025 Sessions | E42: YoY Change % | F42: Jan 2025 | G42: Jan 2026 | H42: MoM Change %
E43: =IF(C43=0,"N/A",(D43-C43)/C43) -> N/A | H43: =IF(F43=0,"N/A",(G43-F43)/F43) -> N/A
E44: =IF(C44=0,"N/A",(D44-C44)/C44) -> N/A | H44: =IF(F44=0,"N/A",(G44-F44)/F44) -> N/A
E45: =IF(C45=0,"N/A",(D45-C45)/C45) -> N/A | H45: =IF(F45=0,"N/A",(G45-F45)/F45) -> N/A
E46: =IF(C46=0,"N/A",(D46-C46)/C46) -> N/A | H46: =IF(F46=0,"N/A",(G46-F46)/F46) -> N/A
E47: =IF(C47=0,"N/A",(D47-C47)/C47) -> N/A | H47: =IF(F47=0,"N/A",(G47-F47)/F47) -> N/A
E48: =IF(C48=0,"N/A",(D48-C48)/C48) -> N/A | H48: =IF(F48=0,"N/A",(G48-F48)/F48) -> N/A
E49: =IF(C49=0,"N/A",(D49-C49)/C49) -> N/A | H49: =IF(F49=0,"N/A",(G49-F49)/F49) -> N/A
E50: =IF(C50=0,"N/A",(D50-C50)/C50) -> N/A | H50: =IF(F50=0,"N/A",(G50-F50)/F50) -> N/A
E51: =IF(C51=0,"N/A",(D51-C51)/C51) -> N/A | H51: =IF(F51=0,"N/A",(G51-F51)/F51) -> N/A
E52: =IF(C52=0,"N/A",(D52-C52)/C52) -> N/A | H52: =IF(F52=0,"N/A",(G52-F52)/F52) -> N/A
A54: NOTES & OBSERVATIONS
B55: Notable source/medium entries (e.g., dv360/display, thetradedesk/video):
B56: Broadcast TV campaign flight dates and markets:
B57: Display campaign notes (DSP, targeting, budget):
B58: OTT/CTV campaign notes (platform, targeting, budget):
B59: Other observations or anomalies:

Sheet LimRic
A1: LimRic
A2: GA4 Account ID: 41647660
A4: SECTION 1: OVERVIEW METRICS
B5: Metric | C5: Full Year 2024 | D5: Full Year 2025 | E5: YoY Change % | F5: Jan 2025 | G5: Jan 2026 | H5: MoM Change %
B6: Traffic & Acquisition
B7: Total Users | E7: =IF(C7=0,"N/A",(D7-C7)/C7) -> N/A | H7: =IF(F7=0,"N/A",(G7-F7)/F7) -> N/A
B8: New Users | E8: =IF(C8=0,"N/A",(D8-C8)/C8) -> N/A | H8: =IF(F8=0,"N/A",(G8-F8)/F8) -> N/A
B9: Sessions | E9: =IF(C9=0,"N/A",(D9-C9)/C9) -> N/A | H9: =IF(F9=0,"N/A",(G9-F9)/F9) -> N/A
B10: Pageviews (Screen Views) | E10: =IF(C10=0,"N/A",(D10-C10)/C10) -> N/A | H10: =IF(F10=0,"N/A",(G10-F10)/F10) -> N/A
B11: Engagement
B12: Engagement Rate | E12: =IF(C12=0,"N/A",(D12-C12)/C12) -> N/A | H12: =IF(F12=0,"N/A",(G12-F12)/F12) -> N/A
B13: Avg. Session Duration (sec) | E13: =IF(C13=0,"N/A",(D13-C13)/C13) -> N/A | H13: =IF(F13=0,"N/A",(G13-F13)/F13) -> N/A
B14: Engaged Sessions per User | E14: =IF(C14=0,"N/A",(D14-C14)/C14) -> N/A | H14: =IF(F14=0,"N/A",(G14-F14)/F14) -> N/A
B15: Events Count | E15: =IF(C15=0,"N/A",(D15-C15)/C15) -> N/A | H15: =IF(F15=0,"N/A",(G15-F15)/F15) -> N/A
B16: Pages per Session | E16: =IF(C16=0,"N/A",(D16-C16)/C16) -> N/A | H16: =IF(F16=0,"N/A",(G16-F16)/F16) -> N/A
B17: Conversions
B18: Key Events (Conversions) | E18: =IF(C18=0,"N/A",(D18-C18)/C18) -> N/A | H18: =IF(F18=0,"N/A",(G18-F18)/F18) -> N/A
B19: User Conversion Rate | E19: =IF(C19=0,"N/A",(D19-C19)/C19) -> N/A | H19: =IF(F19=0,"N/A",(G19-F19)/F19) -> N/A
B20: Session Conversion Rate | E20: =IF(C20=0,"N/A",(D20-C20)/C20) -> N/A | H20: =IF(F20=0,"N/A",(G20-F20)/F20) -> N/A
A22: SECTION 2: TRAFFIC SOURCES (Sessions by Channel)
B23: Channel | C23: Full Year 2024 | D23: Full Year 2025 | E23: YoY Change % | F23: Jan 2025 | G23: Jan 2026 | H23: MoM Change %
B24: Direct | E24: =IF(C24=0,"N/A",(D24-C24)/C24) -> N/A | H24: =IF(F24=0,"N/A",(G24-F24)/F24) -> N/A
B25: Organic Search | E25: =IF(C25=0,"N/A",(D25-C25)/C25) -> N/A | H25: =IF(F25=0,"N/A",(G25-F25)/F25) -> N/A
B26: Paid Search | E26: =IF(C26=0,"N/A",(D26-C26)/C26) -> N/A | H26: =IF(F26=0,"N/A",(G26-F26)/F26) -> N/A
B27: Display | E27: =IF(C27=0,"N/A",(D27-C27)/C27) -> N/A | H27: =IF(F27=0,"N/A",(G27-F27)/F27) -> N/A
B28: Paid Video (OTT) | E28: =IF(C28=0,"N/A",(D28-C28)/C28) -> N/A | H28: =IF(F28=0,"N/A",(G28-F28)/F28) -> N/A
B29: Cross-network | E29: =IF(C29=0,"N/A",(D29-C29)/C29) -> N/A | H29: =IF(F29=0,"N/A",(G29-F29)/F29) -> N/A
B30: Social (Organic) | E30: =IF(C30=0,"N/A",(D30-C30)/C30) -> N/A | H30: =IF(F30=0,"N/A",(G30-F30)/F30) -> N/A
B31: Social (Paid) | E31: =IF(C31=0,"N/A",(D31-C31)/C31) -> N/A | H31: =IF(F31=0,"N/A",(G31-F31)/F31) -> N/A
B32: Referral | E32: =IF(C32=0,"N/A",(D32-C32)/C32) -> N/A | H32: =IF(F32=0,"N/A",(G32-F32)/F32) -> N/A
B33: Email | E33: =IF(C33=0,"N/A",(D33-C33)/C33) -> N/A | H33: =IF(F33=0,"N/A",(G33-F33)/F33) -> N/A
B34: Affiliates | E34: =IF(C34=0,"N/A",(D34-C34)/C34) -> N/A | H34: =IF(F34=0,"N/A",(G34-F34)/F34) -> N/A
B35: Audio | E35: =IF(C35=0,"N/A",(D35-C35)/C35) -> N/A | H35: =IF(F35=0,"N/A",(G35-F35)/F35) -> N/A
... B38: Other | E38: =IF(C38=0,"N/A",(D38-C38)/C38) -> N/A | H38: =IF(F38=0,"N/A",(G38-F38)/F38) -> N/A
B39: TOTAL SESSIONS | C39: =SUM(C24:C38) -> 0 | D39: =SUM(D24:D38) -> 0 | E39: =IF(C39=0,"N/A",(D39-C39)/C39) -> N/A | F39: =SUM(F24:F38) -> 0 | G39: =SUM(G24:G38) -> 0 | H39: =IF(F39=0,"N/A",(G39-F39)/F39) -> N/A
A41: SECTION 3: TOP REFERRAL SOURCES
B42: Referral Source | C42: FY 2024 Sessions | D42: FY 2025 Sessions | E42: YoY Change % | F42: Jan 2025 | G42: Jan 2026 | H42: MoM Change %
E43: =IF(C43=0,"N/A",(D43-C43)/C43) -> N/A | H43: =IF(F43=0,"N/A",(G43-F43)/F43) -> N/A
E44: =IF(C44=0,"N/A",(D44-C44)/C44) -> N/A | H44: =IF(F44=0,"N/A",(G44-F44)/F44) -> N/A
E45: =IF(C45=0,"N/A",(D45-C45)/C45) -> N/A | H45: =IF(F45=0,"N/A",(G45-F45)/F45) -> N/A
E46: =IF(C46=0,"N/A",(D46-C46)/C46) -> N/A | H46: =IF(F46=0,"N/A",(G46-F46)/F46) -> N/A
E47: =IF(C47=0,"N/A",(D47-C47)/C47) -> N/A | H47: =IF(F47=0,"N/A",(G47-F47)/F47) -> N/A
E48: =IF(C48=0,"N/A",(D48-C48)/C48) -> N/A | H48: =IF(F48=0,"N/A",(G48-F48)/F48) -> N/A
E49: =IF(C49=0,"N/A",(D49-C49)/C49) -> N/A | H49: =IF(F49=0,"N/A",(G49-F49)/F49) -> N/A
E50: =IF(C50=0,"N/A",(D50-C50)/C50) -> N/A | H50: =IF(F50=0,"N/A",(G50-F50)/F50) -> N/A
E51: =IF(C51=0,"N/A",(D51-C51)/C51) -> N/A | H51: =IF(F51=0,"N/A",(G51-F51)/F51) -> N/A
E52: =IF(C52=0,"N/A",(D52-C52)/C52) -> N/A | H52: =IF(F52=0,"N/A",(G52-F52)/F52) -> N/A
A54: NOTES & OBSERVATIONS
B55: Notable source/medium entries (e.g., dv360/display, thetradedesk/video):
B56: Broadcast TV campaign flight dates and markets:
B57: Display campaign notes (DSP, targeting, budget):
B58: OTT/CTV campaign notes (platform, targeting, budget):
B59: Other observations or anomalies:

Sheet Reliable Power
A1: Reliable Power Systems
A2: GA4 Account ID: 136778128
A4: SECTION 1: OVERVIEW METRICS
B5: Metric | C5: Full Year 2024 | D5: Full Year 2025 | E5: YoY Change % | F5: Jan 2025 | G5: Jan 2026 | H5: MoM Change %
B6: Traffic & Acquisition
B7: Total Users | E7: =IF(C7=0,"N/A",(D7-C7)/C7) -> N/A | H7: =IF(F7=0,"N/A",(G7-F7)/F7) -> N/A
B8: New Users | E8: =IF(C8=0,"N/A",(D8-C8)/C8) -> N/A | H8: =IF(F8=0,"N/A",(G8-F8)/F8) -> N/A
B9: Sessions | E9: =IF(C9=0,"N/A",(D9-C9)/C9) -> N/A | H9: =IF(F9=0,"N/A",(G9-F9)/F9) -> N/A
B10: Pageviews (Screen Views) | E10: =IF(C10=0,"N/A",(D10-C10)/C10) -> N/A | H10: =IF(F10=0,"N/A",(G10-F10)/F10) -> N/A
B11: Engagement
B12: Engagement Rate | E12: =IF(C12=0,"N/A",(D12-C12)/C12) -> N/A | H12: =IF(F12=0,"N/A",(G12-F12)/F12) -> N/A
B13: Avg. Session Duration (sec) | E13: =IF(C13=0,"N/A",(D13-C13)/C13) -> N/A | H13: =IF(F13=0,"N/A",(G13-F13)/F13) -> N/A
B14: Engaged Sessions per User | E14: =IF(C14=0,"N/A",(D14-C14)/C14) -> N/A | H14: =IF(F14=0,"N/A",(G14-F14)/F14) -> N/A
B15: Events Count | E15: =IF(C15=0,"N/A",(D15-C15)/C15) -> N/A | H15: =IF(F15=0,"N/A",(G15-F15)/F15) -> N/A
B16: Pages per Session | E16: =IF(C16=0,"N/A",(D16-C16)/C16) -> N/A | H16: =IF(F16=0,"N/A",(G16-F16)/F16) -> N/A
B17: Conversions
B18: Key Events (Conversions) | E18: =IF(C18=0,"N/A",(D18-C18)/C18) -> N/A | H18: =IF(F18=0,"N/A",(G18-F18)/F18) -> N/A
B19: User Conversion Rate | E19: =IF(C19=0,"N/A",(D19-C19)/C19) -> N/A | H19: =IF(F19=0,"N/A",(G19-F19)/F19) -> N/A
B20: Session Conversion Rate | E20: =IF(C20=0,"N/A",(D20-C20)/C20) -> N/A | H20: =IF(F20=0,"N/A",(G20-F20)/F20) -> N/A
A22: SECTION 2: TRAFFIC SOURCES (Sessions by Channel)
B23: Channel | C23: Full Year 2024 | D23: Full Year 2025 | E23: YoY Change % | F23: Jan 2025 | G23: Jan 2026 | H23: MoM Change %
B24: Direct | E24: =IF(C24=0,"N/A",(D24-C24)/C24) -> N/A | H24: =IF(F24=0,"N/A",(G24-F24)/F24) -> N/A
B25: Organic Search | E25: =IF(C25=0,"N/A",(D25-C25)/C25) -> N/A | H25: =IF(F25=0,"N/A",(G25-F25)/F25) -> N/A
B26: Paid Search | E26: =IF(C26=0,"N/A",(D26-C26)/C26) -> N/A | H26: =IF(F26=0,"N/A",(G26-F26)/F26) -> N/A
B27: Display | E27: =IF(C27=0,"N/A",(D27-C27)/C27) -> N/A | H27: =IF(F27=0,"N/A",(G27-F27)/F27) -> N/A
B28: Paid Video (OTT) | E28: =IF(C28=0,"N/A",(D28-C28)/C28) -> N/A | H28: =IF(F28=0,"N/A",(G28-F28)/F28) -> N/A
B29: Cross-network | E29: =IF(C29=0,"N/A",(D29-C29)/C29) -> N/A | H29: =IF(F29=0,"N/A",(G29-F29)/F29) -> N/A
B30: Social (Organic) | E30: =IF(C30=0,"N/A",(D30-C30)/C30) -> N/A | H30: =IF(F30=0,"N/A",(G30-F30)/F30) -> N/A
B31: Social (Paid) | E31: =IF(C31=0,"N/A",(D31-C31)/C31) -> N/A | H31: =IF(F31=0,"N/A",(G31-F31)/F31) -> N/A
B32: Referral | E32: =IF(C32=0,"N/A",(D32-C32)/C32) -> N/A | H32: =IF(F32=0,"N/A",(G32-F32)/F32) -> N/A
B33: Email | E33: =IF(C33=0,"N/A",(D33-C33)/C33) -> N/A | H33: =IF(F33=0,"N/A",(G33-F33)/F33) -> N/A
B34: Affiliates | E34: =IF(C34=0,"N/A",(D34-C34)/C34) -> N/A | H34: =IF(F34=0,"N/A",(G34-F34)/F34) -> N/A
B35: Audio | E35: =IF(C35=0,"N/A",(D35-C35)/C35) -> N/A | H35: =IF(F35=0,"N/A",(G35-F35)/F35) -> N/A
... B38: Other | E38: =IF(C38=0,"N/A",(D38-C38)/C38) -> N/A | H38: =IF(F38=0,"N/A",(G38-F38)/F38) -> N/A
B39: TOTAL SESSIONS | C39: =SUM(C24:C38) -> 0 | D39: =SUM(D24:D38) -> 0 | E39: =IF(C39=0,"N/A",(D39-C39)/C39) -> N/A | F39: =SUM(F24:F38) -> 0 | G39: =SUM(G24:G38) -> 0 | H39: =IF(F39=0,"N/A",(G39-F39)/F39) -> N/A
A41: SECTION 3: TOP REFERRAL SOURCES
B42: Referral Source | C42: FY 2024 Sessions | D42: FY 2025 Sessions | E42: YoY Change % | F42: Jan 2025 | G42: Jan 2026 | H42: MoM Change %
E43: =IF(C43=0,"N/A",(D43-C43)/C43) -> N/A | H43: =IF(F43=0,"N/A",(G43-F43)/F43) -> N/A
E44: =IF(C44=0,"N/A",(D44-C44)/C44) -> N/A | H44: =IF(F44=0,"N/A",(G44-F44)/F44) -> N/A
E45: =IF(C45=0,"N/A",(D45-C45)/C45) -> N/A | H45: =IF(F45=0,"N/A",(G45-F45)/F45) -> N/A
E46: =IF(C46=0,"N/A",(D46-C46)/C46) -> N/A | H46: =IF(F46=0,"N/A",(G46-F46)/F46) -> N/A
E47: =IF(C47=0,"N/A",(D47-C47)/C47) -> N/A | H47: =IF(F47=0,"N/A",(G47-F47)/F47) -> N/A
E48: =IF(C48=0,"N/A",(D48-C48)/C48) -> N/A | H48: =IF(F48=0,"N/A",(G48-F48)/F48) -> N/A
E49: =IF(C49=0,"N/A",(D49-C49)/C49) -> N/A | H49: =IF(F49=0,"N/A",(G49-F49)/F49) -> N/A
E50: =IF(C50=0,"N/A",(D50-C50)/C50) -> N/A | H50: =IF(F50=0,"N/A",(G50-F50)/F50) -> N/A
E51: =IF(C51=0,"N/A",(D51-C51)/C51) -> N/A | H51: =IF(F51=0,"N/A",(G51-F51)/F51) -> N/A
E52: =IF(C52=0,"N/A",(D52-C52)/C52) -> N/A | H52: =IF(F52=0,"N/A",(G52-F52)/F52) -> N/A
A54: NOTES & OBSERVATIONS
B55: Notable source/medium entries (e.g., dv360/display, thetradedesk/video):
B56: Broadcast TV campaign flight dates and markets:
B57: Display campaign notes (DSP, targeting, budget):
B58: OTT/CTV campaign notes (platform, targeting, budget):
B59: Other observations or anomalies:

Sheet Roth Home
A1: Roth Home
A2: GA4 Account ID: 22410142
A4: SECTION 1: OVERVIEW METRICS
B5: Metric | C5: Full Year 2024 | D5: Full Year 2025 | E5: YoY Change % | F5: Jan 2025 | G5: Jan 2026 | H5: MoM Change %
B6: Traffic & Acquisition
B7: Total Users | E7: =IF(C7=0,"N/A",(D7-C7)/C7) -> N/A | H7: =IF(F7=0,"N/A",(G7-F7)/F7) -> N/A
B8: New Users | E8: =IF(C8=0,"N/A",(D8-C8)/C8) -> N/A | H8: =IF(F8=0,"N/A",(G8-F8)/F8) -> N/A
B9: Sessions | E9: =IF(C9=0,"N/A",(D9-C9)/C9) -> N/A | H9: =IF(F9=0,"N/A",(G9-F9)/F9) -> N/A
B10: Pageviews (Screen Views) | E10: =IF(C10=0,"N/A",(D10-C10)/C10) -> N/A | H10: =IF(F10=0,"N/A",(G10-F10)/F10) -> N/A
B11: Engagement
B12: Engagement Rate | E12: =IF(C12=0,"N/A",(D12-C12)/C12) -> N/A | H12: =IF(F12=0,"N/A",(G12-F12)/F12) -> N/A
B13: Avg. Session Duration (sec) | E13: =IF(C13=0,"N/A",(D13-C13)/C13) -> N/A | H13: =IF(F13=0,"N/A",(G13-F13)/F13) -> N/A
B14: Engaged Sessions per User | E14: =IF(C14=0,"N/A",(D14-C14)/C14) -> N/A | H14: =IF(F14=0,"N/A",(G14-F14)/F14) -> N/A
B15: Events Count | E15: =IF(C15=0,"N/A",(D15-C15)/C15) -> N/A | H15: =IF(F15=0,"N/A",(G15-F15)/F15) -> N/A
B16: Pages per Session | E16: =IF(C16=0,"N/A",(D16-C16)/C16) -> N/A | H16: =IF(F16=0,"N/A",(G16-F16)/F16) -> N/A
B17: Conversions
B18: Key Events (Conversions) | E18: =IF(C18=0,"N/A",(D18-C18)/C18) -> N/A | H18: =IF(F18=0,"N/A",(G18-F18)/F18) -> N/A
B19: User Conversion Rate | E19: =IF(C19=0,"N/A",(D19-C19)/C19) -> N/A | H19: =IF(F19=0,"N/A",(G19-F19)/F19) -> N/A
B20: Session Conversion Rate | E20: =IF(C20=0,"N/A",(D20-C20)/C20) -> N/A | H20: =IF(F20=0,"N/A",(G20-F20)/F20) -> N/A
A22: SECTION 2: TRAFFIC SOURCES (Sessions by Channel)
B23: Channel | C23: Full Year 2024 | D23: Full Year 2025 | E23: YoY Change % | F23: Jan 2025 | G23: Jan 2026 | H23: MoM Change %
B24: Direct | E24: =IF(C24=0,"N/A",(D24-C24)/C24) -> N/A | H24: =IF(F24=0,"N/A",(G24-F24)/F24) -> N/A
B25: Organic Search | E25: =IF(C25=0,"N/A",(D25-C25)/C25) -> N/A | H25: =IF(F25=0,"N/A",(G25-F25)/F25) -> N/A
B26: Paid Search | E26: =IF(C26=0,"N/A",(D26-C26)/C26) -> N/A | H26: =IF(F26=0,"N/A",(G26-F26)/F26) -> N/A
B27: Display | E27: =IF(C27=0,"N/A",(D27-C27)/C27) -> N/A | H27: =IF(F27=0,"N/A",(G27-F27)/F27) -> N/A
B28: Paid Video (OTT) | E28: =IF(C28=0,"N/A",(D28-C28)/C28) -> N/A | H28: =IF(F28=0,"N/A",(G28-F28)/F28) -> N/A
B29: Cross-network | E29: =IF(C29=0,"N/A",(D29-C29)/C29) -> N/A | H29: =IF(F29=0,"N/A",(G29-F29)/F29) -> N/A
B30: Social (Organic) | E30: =IF(C30=0,"N/A",(D30-C30)/C30) -> N/A | H30: =IF(F30=0,"N/A",(G30-F30)/F30) -> N/A
B31: Social (Paid) | E31: =IF(C31=0,"N/A",(D31-C31)/C31) -> N/A | H31: =IF(F31=0,"N/A",(G31-F31)/F31) -> N/A
B32: Referral | E32: =IF(C32=0,"N/A",(D32-C32)/C32) -> N/A | H32: =IF(F32=0,"N/A",(G32-F32)/F32) -> N/A
B33: Email | E33: =IF(C33=0,"N/A",(D33-C33)/C33) -> N/A | H33: =IF(F33=0,"N/A",(G33-F33)/F33) -> N/A
B34: Affiliates | E34: =IF(C34=0,"N/A",(D34-C34)/C34) -> N/A | H34: =IF(F34=0,"N/A",(G34-F34)/F34) -> N/A
B35: Audio | E35: =IF(C35=0,"N/A",(D35-C35)/C35) -> N/A | H35: =IF(F35=0,"N/A",(G35-F35)/F35) -> N/A
... B38: Other | E38: =IF(C38=0,"N/A",(D38-C38)/C38) -> N/A | H38: =IF(F38=0,"N/A",(G38-F38)/F38) -> N/A
B39: TOTAL SESSIONS | C39: =SUM(C24:C38) -> 0 | D39: =SUM(D24:D38) -> 0 | E39: =IF(C39=0,"N/A",(D39-C39)/C39) -> N/A | F39: =SUM(F24:F38) -> 0 | G39: =SUM(G24:G38) -> 0 | H39: =IF(F39=0,"N/A",(G39-F39)/F39) -> N/A
A41: SECTION 3: TOP REFERRAL SOURCES
B42: Referral Source | C42: FY 2024 Sessions | D42: FY 2025 Sessions | E42: YoY Change % | F42: Jan 2025 | G42: Jan 2026 | H42: MoM Change %
E43: =IF(C43=0,"N/A",(D43-C43)/C43) -> N/A | H43: =IF(F43=0,"N/A",(G43-F43)/F43) -> N/A
E44: =IF(C44=0,"N/A",(D44-C44)/C44) -> N/A | H44: =IF(F44=0,"N/A",(G44-F44)/F44) -> N/A
E45: =IF(C45=0,"N/A",(D45-C45)/C45) -> N/A | H45: =IF(F45=0,"N/A",(G45-F45)/F45) -> N/A
E46: =IF(C46=0,"N/A",(D46-C46)/C46) -> N/A | H46: =IF(F46=0,"N/A",(G46-F46)/F46) -> N/A
E47: =IF(C47=0,"N/A",(D47-C47)/C47) -> N/A | H47: =IF(F47=0,"N/A",(G47-F47)/F47) -> N/A
E48: =IF(C48=0,"N/A",(D48-C48)/C48) -> N/A | H48: =IF(F48=0,"N/A",(G48-F48)/F48) -> N/A
E49: =IF(C49=0,"N/A",(D49-C49)/C49) -> N/A | H49: =IF(F49=0,"N/A",(G49-F49)/F49) -> N/A
E50: =IF(C50=0,"N/A",(D50-C50)/C50) -> N/A | H50: =IF(F50=0,"N/A",(G50-F50)/F50) -> N/A
E51: =IF(C51=0,"N/A",(D51-C51)/C51) -> N/A | H51: =IF(F51=0,"N/A",(G51-F51)/F51) -> N/A
E52: =IF(C52=0,"N/A",(D52-C52)/C52) -> N/A | H52: =IF(F52=0,"N/A",(G52-F52)/F52) -> N/A
A54: NOTES & OBSERVATIONS
B55: Notable source/medium entries (e.g., dv360/display, thetradedesk/video):
B56: Broadcast TV campaign flight dates and markets:
B57: Display campaign notes (DSP, targeting, budget):
B58: OTT/CTV campaign notes (platform, targeting, budget):
B59: Other observations or anomalies:

Sheet Schaal PHC
A1: Schaal Plumbing, Heating & Cooling
A2: GA4 Account ID: 221125071
A4: SECTION 1: OVERVIEW METRICS
B5: Metric | C5: Full Year 2024 | D5: Full Year 2025 | E5: YoY Change % | F5: Jan 2025 | G5: Jan 2026 | H5: MoM Change %
B6: Traffic & Acquisition
B7: Total Users | E7: =IF(C7=0,"N/A",(D7-C7)/C7) -> N/A | H7: =IF(F7=0,"N/A",(G7-F7)/F7) -> N/A
B8: New Users | E8: =IF(C8=0,"N/A",(D8-C8)/C8) -> N/A | H8: =IF(F8=0,"N/A",(G8-F8)/F8) -> N/A
B9: Sessions | E9: =IF(C9=0,"N/A",(D9-C9)/C9) -> N/A | H9: =IF(F9=0,"N/A",(G9-F9)/F9) -> N/A
B10: Pageviews (Screen Views) | E10: =IF(C10=0,"N/A",(D10-C10)/C10) -> N/A | H10: =IF(F10=0,"N/A",(G10-F10)/F10) -> N/A
B11: Engagement
B12: Engagement Rate | E12: =IF(C12=0,"N/A",(D12-C12)/C12) -> N/A | H12: =IF(F12=0,"N/A",(G12-F12)/F12) -> N/A
B13: Avg. Session Duration (sec) | E13: =IF(C13=0,"N/A",(D13-C13)/C13) -> N/A | H13: =IF(F13=0,"N/A",(G13-F13)/F13) -> N/A
B14: Engaged Sessions per User | E14: =IF(C14=0,"N/A",(D14-C14)/C14) -> N/A | H14: =IF(F14=0,"N/A",(G14-F14)/F14) -> N/A
B15: Events Count | E15: =IF(C15=0,"N/A",(D15-C15)/C15) -> N/A | H15: =IF(F15=0,"N/A",(G15-F15)/F15) -> N/A
B16: Pages per Session | E16: =IF(C16=0,"N/A",(D16-C16)/C16) -> N/A | H16: =IF(F16=0,"N/A",(G16-F16)/F16) -> N/A
B17: Conversions
B18: Key Events (Conversions) | E18: =IF(C18=0,"N/A",(D18-C18)/C18) -> N/A | H18: =IF(F18=0,"N/A",(G18-F18)/F18) -> N/A
B19: User Conversion Rate | E19: =IF(C19=0,"N/A",(D19-C19)/C19) -> N/A | H19: =IF(F19=0,"N/A",(G19-F19)/F19) -> N/A
B20: Session Conversion Rate | E20: =IF(C20=0,"N/A",(D20-C20)/C20) -> N/A | H20: =IF(F20=0,"N/A",(G20-F20)/F20) -> N/A
A22: SECTION 2: TRAFFIC SOURCES (Sessions by Channel)
B23: Channel | C23: Full Year 2024 | D23: Full Year 2025 | E23: YoY Change % | F23: Jan 2025 | G23: Jan 2026 | H23: MoM Change %
B24: Direct | E24: =IF(C24=0,"N/A",(D24-C24)/C24) -> N/A | H24: =IF(F24=0,"N/A",(G24-F24)/F24) -> N/A
B25: Organic Search | E25: =IF(C25=0,"N/A",(D25-C25)/C25) -> N/A | H25: =IF(F25=0,"N/A",(G25-F25)/F25) -> N/A
B26: Paid Search | E26: =IF(C26=0,"N/A",(D26-C26)/C26) -> N/A | H26: =IF(F26=0,"N/A",(G26-F26)/F26) -> N/A
B27: Display | E27: =IF(C27=0,"N/A",(D27-C27)/C27) -> N/A | H27: =IF(F27=0,"N/A",(G27-F27)/F27) -> N/A
B28: Paid Video (OTT) | E28: =IF(C28=0,"N/A",(D28-C28)/C28) -> N/A | H28: =IF(F28=0,"N/A",(G28-F28)/F28) -> N/A
B29: Cross-network | E29: =IF(C29=0,"N/A",(D29-C29)/C29) -> N/A | H29: =IF(F29=0,"N/A",(G29-F29)/F29) -> N/A
B30: Social (Organic) | E30: =IF(C30=0,"N/A",(D30-C30)/C30) -> N/A | H30: =IF(F30=0,"N/A",(G30-F30)/F30) -> N/A
B31: Social (Paid) | E31: =IF(C31=0,"N/A",(D31-C31)/C31) -> N/A | H31: =IF(F31=0,"N/A",(G31-F31)/F31) -> N/A
B32: Referral | E32: =IF(C32=0,"N/A",(D32-C32)/C32) -> N/A | H32: =IF(F32=0,"N/A",(G32-F32)/F32) -> N/A
B33: Email | E33: =IF(C33=0,"N/A",(D33-C33)/C33) -> N/A | H33: =IF(F33=0,"N/A",(G33-F33)/F33) -> N/A
B34: Affiliates | E34: =IF(C34=0,"N/A",(D34-C34)/C34) -> N/A | H34: =IF(F34=0,"N/A",(G34-F34)/F34) -> N/A
B35: Audio | E35: =IF(C35=0,"N/A",(D35-C35)/C35) -> N/A | H35: =IF(F35=0,"N/A",(G35-F35)/F35) -> N/A
... B38: Other | E38: =IF(C38=0,"N/A",(D38-C38)/C38) -> N/A | H38: =IF(F38=0,"N/A",(G38-F38)/F38) -> N/A
B39: TOTAL SESSIONS | C39: =SUM(C24:C38) -> 0 | D39: =SUM(D24:D38) -> 0 | E39: =IF(C39=0,"N/A",(D39-C39)/C39) -> N/A | F39: =SUM(F24:F38) -> 0 | G39: =SUM(G24:G38) -> 0 | H39: =IF(F39=0,"N/A",(G39-F39)/F39) -> N/A
A41: SECTION 3: TOP REFERRAL SOURCES
B42: Referral Source | C42: FY 2024 Sessions | D42: FY 2025 Sessions | E42: YoY Change % | F42: Jan 2025 | G42: Jan 2026 | H42: MoM Change %
E43: =IF(C43=0,"N/A",(D43-C43)/C43) -> N/A | H43: =IF(F43=0,"N/A",(G43-F43)/F43) -> N/A
E44: =IF(C44=0,"N/A",(D44-C44)/C44) -> N/A | H44: =IF(F44=0,"N/A",(G44-F44)/F44) -> N/A
E45: =IF(C45=0,"N/A",(D45-C45)/C45) -> N/A | H45: =IF(F45=0,"N/A",(G45-F45)/F45) -> N/A
E46: =IF(C46=0,"N/A",(D46-C46)/C46) -> N/A | H46: =IF(F46=0,"N/A",(G46-F46)/F46) -> N/A
E47: =IF(C47=0,"N/A",(D47-C47)/C47) -> N/A | H47: =IF(F47=0,"N/A",(G47-F47)/F47) -> N/A
E48: =IF(C48=0,"N/A",(D48-C48)/C48) -> N/A | H48: =IF(F48=0,"N/A",(G48-F48)/F48) -> N/A
E49: =IF(C49=0,"N/A",(D49-C49)/C49) -> N/A | H49: =IF(F49=0,"N/A",(G49-F49)/F49) -> N/A
E50: =IF(C50=0,"N/A",(D50-C50)/C50) -> N/A | H50: =IF(F50=0,"N/A",(G50-F50)/F50) -> N/A
E51: =IF(C51=0,"N/A",(D51-C51)/C51) -> N/A | H51: =IF(F51=0,"N/A",(G51-F51)/F51) -> N/A
E52: =IF(C52=0,"N/A",(D52-C52)/C52) -> N/A | H52: =IF(F52=0,"N/A",(G52-F52)/F52) -> N/A
A54: NOTES & OBSERVATIONS
B55: Notable source/medium entries (e.g., dv360/display, thetradedesk/video):
B56: Broadcast TV campaign flight dates and markets:
B57: Display campaign notes (DSP, targeting, budget):
B58: OTT/CTV campaign notes (platform, targeting, budget):
B59: Other observations or anomalies:

Sheet Sunny Service
A1: Sunny Service
A2: GA4 Account ID: 172082855
A4: SECTION 1: OVERVIEW METRICS
B5: Metric | C5: Full Year 2024 | D5: Full Year 2025 | E5: YoY Change % | F5: Jan 2025 | G5: Jan 2026 | H5: MoM Change %
B6: Traffic & Acquisition
B7: Total Users | E7: =IF(C7=0,"N/A",(D7-C7)/C7) -> N/A | H7: =IF(F7=0,"N/A",(G7-F7)/F7) -> N/A
B8: New Users | E8: =IF(C8=0,"N/A",(D8-C8)/C8) -> N/A | H8: =IF(F8=0,"N/A",(G8-F8)/F8) -> N/A
B9: Sessions | E9: =IF(C9=0,"N/A",(D9-C9)/C9) -> N/A | H9: =IF(F9=0,"N/A",(G9-F9)/F9) -> N/A
B10: Pageviews (Screen Views) | E10: =IF(C10=0,"N/A",(D10-C10)/C10) -> N/A | H10: =IF(F10=0,"N/A",(G10-F10)/F10) -> N/A
B11: Engagement
B12: Engagement Rate | E12: =IF(C12=0,"N/A",(D12-C12)/C12) -> N/A | H12: =IF(F12=0,"N/A",(G12-F12)/F12) -> N/A
B13: Avg. Session Duration (sec) | E13: =IF(C13=0,"N/A",(D13-C13)/C13) -> N/A | H13: =IF(F13=0,"N/A",(G13-F13)/F13) -> N/A
B14: Engaged Sessions per User | E14: =IF(C14=0,"N/A",(D14-C14)/C14) -> N/A | H14: =IF(F14=0,"N/A",(G14-F14)/F14) -> N/A
B15: Events Count | E15: =IF(C15=0,"N/A",(D15-C15)/C15) -> N/A | H15: =IF(F15=0,"N/A",(G15-F15)/F15) -> N/A
B16: Pages per Session | E16: =IF(C16=0,"N/A",(D16-C16)/C16) -> N/A | H16: =IF(F16=0,"N/A",(G16-F16)/F16) -> N/A
B17: Conversions
B18: Key Events (Conversions) | E18: =IF(C18=0,"N/A",(D18-C18)/C18) -> N/A | H18: =IF(F18=0,"N/A",(G18-F18)/F18) -> N/A
B19: User Conversion Rate | E19: =IF(C19=0,"N/A",(D19-C19)/C19) -> N/A | H19: =IF(F19=0,"N/A",(G19-F19)/F19) -> N/A
B20: Session Conversion Rate | E20: =IF(C20=0,"N/A",(D20-C20)/C20) -> N/A | H20: =IF(F20=0,"N/A",(G20-F20)/F20) -> N/A
A22: SECTION 2: TRAFFIC SOURCES (Sessions by Channel)
B23: Channel | C23: Full Year 2024 | D23: Full Year 2025 | E23: YoY Change % | F23: Jan 2025 | G23: Jan 2026 | H23: MoM Change %
B24: Direct | E24: =IF(C24=0,"N/A",(D24-C24)/C24) -> N/A | H24: =IF(F24=0,"N/A",(G24-F24)/F24) -> N/A
B25: Organic Search | E25: =IF(C25=0,"N/A",(D25-C25)/C25) -> N/A | H25: =IF(F25=0,"N/A",(G25-F25)/F25) -> N/A
B26: Paid Search | E26: =IF(C26=0,"N/A",(D26-C26)/C26) -> N/A | H26: =IF(F26=0,"N/A",(G26-F26)/F26) -> N/A
B27: Display | E27: =IF(C27=0,"N/A",(D27-C27)/C27) -> N/A | H27: =IF(F27=0,"N/A",(G27-F27)/F27) -> N/A
B28: Paid Video (OTT) | E28: =IF(C28=0,"N/A",(D28-C28)/C28) -> N/A | H28: =IF(F28=0,"N/A",(G28-F28)/F28) -> N/A
B29: Cross-network | E29: =IF(C29=0,"N/A",(D29-C29)/C29) -> N/A | H29: =IF(F29=0,"N/A",(G29-F29)/F29) -> N/A
B30: Social (Organic) | E30: =IF(C30=0,"N/A",(D30-C30)/C30) -> N/A | H30: =IF(F30=0,"N/A",(G30-F30)/F30) -> N/A
B31: Social (Paid) | E31: =IF(C31=0,"N/A",(D31-C31)/C31) -> N/A | H31: =IF(F31=0,"N/A",(G31-F31)/F31) -> N/A
B32: Referral | E32: =IF(C32=0,"N/A",(D32-C32)/C32) -> N/A | H32: =IF(F32=0,"N/A",(G32-F32)/F32) -> N/A
B33: Email | E33: =IF(C33=0,"N/A",(D33-C33)/C33) -> N/A | H33: =IF(F33=0,"N/A",(G33-F33)/F33) -> N/A
B34: Affiliates | E34: =IF(C34=0,"N/A",(D34-C34)/C34) -> N/A | H34: =IF(F34=0,"N/A",(G34-F34)/F34) -> N/A
B35: Audio | E35: =IF(C35=0,"N/A",(D35-C35)/C35) -> N/A | H35: =IF(F35=0,"N/A",(G35-F35)/F35) -> N/A
... B38: Other | E38: =IF(C38=0,"N/A",(D38-C38)/C38) -> N/A | H38: =IF(F38=0,"N/A",(G38-F38)/F38) -> N/A
B39: TOTAL SESSIONS | C39: =SUM(C24:C38) -> 0 | D39: =SUM(D24:D38) -> 0 | E39: =IF(C39=0,"N/A",(D39-C39)/C39) -> N/A | F39: =SUM(F24:F38) -> 0 | G39: =SUM(G24:G38) -> 0 | H39: =IF(F39=0,"N/A",(G39-F39)/F39) -> N/A
A41: SECTION 3: TOP REFERRAL SOURCES
B42: Referral Source | C42: FY 2024 Sessions | D42: FY 2025 Sessions | E42: YoY Change % | F42: Jan 2025 | G42: Jan 2026 | H42: MoM Change %
E43: =IF(C43=0,"N/A",(D43-C43)/C43) -> N/A | H43: =IF(F43=0,"N/A",(G43-F43)/F43) -> N/A
E44: =IF(C44=0,"N/A",(D44-C44)/C44) -> N/A | H44: =IF(F44=0,"N/A",(G44-F44)/F44) -> N/A
E45: =IF(C45=0,"N/A",(D45-C45)/C45) -> N/A | H45: =IF(F45=0,"N/A",(G45-F45)/F45) -> N/A
E46: =IF(C46=0,"N/A",(D46-C46)/C46) -> N/A | H46: =IF(F46=0,"N/A",(G46-F46)/F46) -> N/A
E47: =IF(C47=0,"N/A",(D47-C47)/C47) -> N/A | H47: =IF(F47=0,"N/A",(G47-F47)/F47) -> N/A
E48: =IF(C48=0,"N/A",(D48-C48)/C48) -> N/A | H48: =IF(F48=0,"N/A",(G48-F48)/F48) -> N/A
E49: =IF(C49=0,"N/A",(D49-C49)/C49) -> N/A | H49: =IF(F49=0,"N/A",(G49-F49)/F49) -> N/A
E50: =IF(C50=0,"N/A",(D50-C50)/C50) -> N/A | H50: =IF(F50=0,"N/A",(G50-F50)/F50) -> N/A
E51: =IF(C51=0,"N/A",(D51-C51)/C51) -> N/A | H51: =IF(F51=0,"N/A",(G51-F51)/F51) -> N/A
E52: =IF(C52=0,"N/A",(D52-C52)/C52) -> N/A | H52: =IF(F52=0,"N/A",(G52-F52)/F52) -> N/A
A54: NOTES & OBSERVATIONS
B55: Notable source/medium entries (e.g., dv360/display, thetradedesk/video):
B56: Broadcast TV campaign flight dates and markets:
B57: Display campaign notes (DSP, targeting, budget):
B58: OTT/CTV campaign notes (platform, targeting, budget):
B59: Other observations or anomalies:

Sheet Webb HVAC
A1: Webb HVAC
A2: GA4 Account ID: 221618161
A4: SECTION 1: OVERVIEW METRICS
B5: Metric | C5: Full Year 2024 | D5: Full Year 2025 | E5: YoY Change % | F5: Jan 2025 | G5: Jan 2026 | H5: MoM Change %
B6: Traffic & Acquisition
B7: Total Users | E7: =IF(C7=0,"N/A",(D7-C7)/C7) -> N/A | H7: =IF(F7=0,"N/A",(G7-F7)/F7) -> N/A
B8: New Users | E8: =IF(C8=0,"N/A",(D8-C8)/C8) -> N/A | H8: =IF(F8=0,"N/A",(G8-F8)/F8) -> N/A
B9: Sessions | E9: =IF(C9=0,"N/A",(D9-C9)/C9) -> N/A | H9: =IF(F9=0,"N/A",(G9-F9)/F9) -> N/A
B10: Pageviews (Screen Views) | E10: =IF(C10=0,"N/A",(D10-C10)/C10) -> N/A | H10: =IF(F10=0,"N/A",(G10-F10)/F10) -> N/A
B11: Engagement
B12: Engagement Rate | E12: =IF(C12=0,"N/A",(D12-C12)/C12) -> N/A | H12: =IF(F12=0,"N/A",(G12-F12)/F12) -> N/A
B13: Avg. Session Duration (sec) | E13: =IF(C13=0,"N/A",(D13-C13)/C13) -> N/A | H13: =IF(F13=0,"N/A",(G13-F13)/F13) -> N/A
B14: Engaged Sessions per User | E14: =IF(C14=0,"N/A",(D14-C14)/C14) -> N/A | H14: =IF(F14=0,"N/A",(G14-F14)/F14) -> N/A
B15: Events Count | E15: =IF(C15=0,"N/A",(D15-C15)/C15) -> N/A | H15: =IF(F15=0,"N/A",(G15-F15)/F15) -> N/A
B16: Pages per Session | E16: =IF(C16=0,"N/A",(D16-C16)/C16) -> N/A | H16: =IF(F16=0,"N/A",(G16-F16)/F16) -> N/A
B17: Conversions
B18: Key Events (Conversions) | E18: =IF(C18=0,"N/A",(D18-C18)/C18) -> N/A | H18: =IF(F18=0,"N/A",(G18-F18)/F18) -> N/A
B19: User Conversion Rate | E19: =IF(C19=0,"N/A",(D19-C19)/C19) -> N/A | H19: =IF(F19=0,"N/A",(G19-F19)/F19) -> N/A
B20: Session Conversion Rate | E20: =IF(C20=0,"N/A",(D20-C20)/C20) -> N/A | H20: =IF(F20=0,"N/A",(G20-F20)/F20) -> N/A
A22: SECTION 2: TRAFFIC SOURCES (Sessions by Channel)
B23: Channel | C23: Full Year 2024 | D23: Full Year 2025 | E23: YoY Change % | F23: Jan 2025 | G23: Jan 2026 | H23: MoM Change %
B24: Direct | E24: =IF(C24=0,"N/A",(D24-C24)/C24) -> N/A | H24: =IF(F24=0,"N/A",(G24-F24)/F24) -> N/A
B25: Organic Search | E25: =IF(C25=0,"N/A",(D25-C25)/C25) -> N/A | H25: =IF(F25=0,"N/A",(G25-F25)/F25) -> N/A
B26: Paid Search | E26: =IF(C26=0,"N/A",(D26-C26)/C26) -> N/A | H26: =IF(F26=0,"N/A",(G26-F26)/F26) -> N/A
B27: Display | E27: =IF(C27=0,"N/A",(D27-C27)/C27) -> N/A | H27: =IF(F27=0,"N/A",(G27-F27)/F27) -> N/A
B28: Paid Video (OTT) | E28: =IF(C28=0,"N/A",(D28-C28)/C28) -> N/A | H28: =IF(F28=0,"N/A",(G28-F28)/F28) -> N/A
B29: Cross-network | E29: =IF(C29=0,"N/A",(D29-C29)/C29) -> N/A | H29: =IF(F29=0,"N/A",(G29-F29)/F29) -> N/A
B30: Social (Organic) | E30: =IF(C30=0,"N/A",(D30-C30)/C30) -> N/A | H30: =IF(F30=0,"N/A",(G30-F30)/F30) -> N/A
B31: Social (Paid) | E31: =IF(C31=0,"N/A",(D31-C31)/C31) -> N/A | H31: =IF(F31=0,"N/A",(G31-F31)/F31) -> N/A
B32: Referral | E32: =IF(C32=0,"N/A",(D32-C32)/C32) -> N/A | H32: =IF(F32=0,"N/A",(G32-F32)/F32) -> N/A
B33: Email | E33: =IF(C33=0,"N/A",(D33-C33)/C33) -> N/A | H33: =IF(F33=0,"N/A",(G33-F33)/F33) -> N/A
B34: Affiliates | E34: =IF(C34=0,"N/A",(D34-C34)/C34) -> N/A | H34: =IF(F34=0,"N/A",(G34-F34)/F34) -> N/A
B35: Audio | E35: =IF(C35=0,"N/A",(D35-C35)/C35) -> N/A | H35: =IF(F35=0,"N/A",(G35-F35)/F35) -> N/A
... B38: Other | E38: =IF(C38=0,"N/A",(D38-C38)/C38) -> N/A | H38: =IF(F38=0,"N/A",(G38-F38)/F38) -> N/A
B39: TOTAL SESSIONS | C39: =SUM(C24:C38) -> 0 | D39: =SUM(D24:D38) -> 0 | E39: =IF(C39=0,"N/A",(D39-C39)/C39) -> N/A | F39: =SUM(F24:F38) -> 0 | G39: =SUM(G24:G38) -> 0 | H39: =IF(F39=0,"N/A",(G39-F39)/F39) -> N/A
A41: SECTION 3: TOP REFERRAL SOURCES
B42: Referral Source | C42: FY 2024 Sessions | D42: FY 2025 Sessions | E42: YoY Change % | F42: Jan 2025 | G42: Jan 2026 | H42: MoM Change %
E43: =IF(C43=0,"N/A",(D43-C43)/C43) -> N/A | H43: =IF(F43=0,"N/A",(G43-F43)/F43) -> N/A
E44: =IF(C44=0,"N/A",(D44-C44)/C44) -> N/A | H44: =IF(F44=0,"N/A",(G44-F44)/F44) -> N/A
E45: =IF(C45=0,"N/A",(D45-C45)/C45) -> N/A | H45: =IF(F45=0,"N/A",(G45-F45)/F45) -> N/A
E46: =IF(C46=0,"N/A",(D46-C46)/C46) -> N/A | H46: =IF(F46=0,"N/A",(G46-F46)/F46) -> N/A
E47: =IF(C47=0,"N/A",(D47-C47)/C47) -> N/A | H47: =IF(F47=0,"N/A",(G47-F47)/F47) -> N/A
E48: =IF(C48=0,"N/A",(D48-C48)/C48) -> N/A | H48: =IF(F48=0,"N/A",(G48-F48)/F48) -> N/A
E49: =IF(C49=0,"N/A",(D49-C49)/C49) -> N/A | H49: =IF(F49=0,"N/A",(G49-F49)/F49) -> N/A
E50: =IF(C50=0,"N/A",(D50-C50)/C50) -> N/A | H50: =IF(F50=0,"N/A",(G50-F50)/F50) -> N/A
E51: =IF(C51=0,"N/A",(D51-C51)/C51) -> N/A | H51: =IF(F51=0,"N/A",(G51-F51)/F51) -> N/A
E52: =IF(C52=0,"N/A",(D52-C52)/C52) -> N/A | H52: =IF(F52=0,"N/A",(G52-F52)/F52) -> N/A
A54: NOTES & OBSERVATIONS
B55: Notable source/medium entries (e.g., dv360/display, thetradedesk/video):
B56: Broadcast TV campaign flight dates and markets:
B57: Display campaign notes (DSP, targeting, budget):
B58: OTT/CTV campaign notes (platform, targeting, budget):
B59: Other observations or anomalies:
